Element Number,Radius,Flow Rate,Inlet Pressure,Outlet Pressure,order
0.0,1.8,4166.7,6930.003398,6862.081221,10.0
1.0,1.8,4166.7,6862.081221,6861.880171,10.0
2.0,1.8,4166.7,6861.880171,6861.679121,10.0
3.0,1.8,4166.7,6861.679121,6861.478072,10.0
4.0,1.8,4166.7,6861.478072,6861.277022,10.0
5.0,1.8,4166.7,6861.277022,6861.075972,10.0
6.0,1.8,4166.7,6861.075972,6860.874923,10.0
7.0,1.8,4166.7,6860.874923,6860.590558,10.0
8.0,1.8,4166.7,6860.590558,6860.306194,10.0
9.0,1.8,4166.7,6860.306194,6860.105144,10.0
10.0,1.8,4166.7,6860.105144,6859.82078,10.0
11.0,1.8,4166.7,6859.82078,6859.536416,10.0
12.0,1.8,4166.7,6859.536416,6859.252053,10.0
13.0,1.8,4166.7,6859.252053,6858.96769,10.0
14.0,1.8,4166.7,6858.96769,6858.683327,10.0
15.0,1.8,4166.7,6858.683327,6858.482277,10.0
16.0,1.8,4166.7,6858.482277,6858.281228,10.0
17.0,1.8,4166.7,6858.281228,6857.996865,10.0
18.0,1.8,4166.7,6857.996865,6857.795816,10.0
19.0,1.8,4166.7,6857.795816,6857.594766,10.0
20.0,1.8,4166.7,6857.594766,6857.310404,10.0
21.0,1.8,4166.7,6857.310404,6857.026042,10.0
22.0,1.8,4166.7,6857.026042,6856.74168,10.0
23.0,1.8,4166.7,6856.74168,6856.457319,10.0
24.0,1.8,4166.7,6856.457319,6856.172958,10.0
25.0,1.8,4166.7,6856.172958,6855.888598,10.0
26.0,1.8,4166.7,6855.888598,6855.604237,10.0
27.0,1.8,4166.7,6855.604237,6855.319877,10.0
28.0,1.8,4166.7,6855.319877,6855.118828,10.0
29.0,1.8,4166.7,6855.118828,6854.917778,10.0
30.0,1.8,4166.7,6854.917778,6854.633418,10.0
31.0,1.8,4166.7,6854.633418,6854.432369,10.0
32.0,1.8,4166.7,6854.432369,6854.148009,10.0
33.0,1.8,4166.7,6854.148009,6853.86365,10.0
34.0,1.8,4166.7,6853.86365,6853.579292,10.0
35.0,1.8,4166.7,6853.579292,6853.378198,10.0
36.0,1.8,4166.7,6853.378198,6853.08596,10.0
37.0,1.8,4166.7,6853.08596,6852.801598,10.0
38.0,1.8,4166.7,6852.801598,6852.600548,10.0
39.0,1.8,4166.7,6852.600548,6852.399499,10.0
40.0,1.8,4166.7,6852.399499,6852.115137,10.0
41.0,1.8,4166.7,6852.115137,6851.914088,10.0
42.0,1.8,4166.7,6851.914088,6851.629726,10.0
43.0,1.8,4166.7,6851.629726,6851.345365,10.0
44.0,1.8,4166.7,6851.345365,6851.061005,10.0
45.0,1.8,4166.7,6851.061005,6850.859955,10.0
46.0,1.8,4166.7,6850.859955,6850.658905,10.0
47.0,1.8,4166.7,6850.658905,6850.457856,10.0
48.0,1.8,4166.7,6850.457856,6850.256806,10.0
49.0,1.8,4166.7,6850.256806,6849.972446,10.0
50.0,1.8,4166.7,6849.972446,6849.688086,10.0
51.0,1.8,4166.7,6849.688086,6849.487036,10.0
52.0,1.8,4166.7,6849.487036,6849.202676,10.0
53.0,1.8,4166.7,6849.202676,6848.918317,10.0
54.0,1.8,4144.8,6848.918317,6848.718323,10.0
55.0,1.8,4144.8,6848.718323,6848.435458,10.0
56.0,1.8,4144.8,6848.435458,6848.152594,10.0
57.0,1.8,4144.8,6848.152594,6847.9526,10.0
58.0,1.8,4144.8,6847.9526,6847.752607,10.0
59.0,1.8,4144.8,6847.752607,6847.469743,10.0
60.0,1.8,4144.8,6847.469743,6847.186879,10.0
61.0,1.8,4144.8,6847.186879,6846.986885,10.0
62.0,1.8,4144.8,6846.986885,6846.704022,10.0
63.0,1.8,4144.8,6846.704022,6846.421158,10.0
64.0,1.8,4144.8,6846.421158,6846.138295,10.0
65.0,1.8,4144.8,6846.138295,6845.938301,10.0
66.0,1.8,4144.8,6845.938301,6845.655438,10.0
67.0,1.8,4144.8,6845.655438,6845.455445,10.0
68.0,1.8,4144.8,6845.455445,6845.255452,10.0
69.0,1.8,4144.8,6845.255452,6845.055459,10.0
70.0,1.8,4144.8,6845.055459,6844.855466,10.0
71.0,1.8,4144.8,6844.855466,6844.572603,10.0
72.0,1.8,4144.8,6844.572603,6844.37261,10.0
73.0,1.8,4144.8,6844.37261,6844.172616,10.0
74.0,1.8,4144.8,6844.172616,6843.889754,10.0
75.0,1.8,4144.8,6843.889754,6843.606892,10.0
76.0,1.8,4144.8,6843.606892,6843.358981,10.0
77.0,1.8,4144.8,6843.358981,6843.158988,10.0
78.0,1.8,4144.8,6843.158988,6842.876135,10.0
79.0,1.8,4144.8,6842.876135,6842.593284,10.0
80.0,1.8,4144.8,6842.593284,6842.310432,10.0
81.0,1.8,4144.8,6842.310432,6842.110439,10.0
82.0,1.8,4144.8,6842.110439,6841.910445,10.0
83.0,1.8,4144.8,6841.910445,6841.627594,10.0
84.0,1.8,4144.8,6841.627594,6841.427601,10.0
85.0,1.8,4144.8,6841.427601,6841.227607,10.0
86.0,1.8,4144.8,6841.227607,6840.944756,10.0
87.0,1.8,4144.8,6840.944756,6840.661905,10.0
88.0,1.8,4144.8,6840.661905,6840.461912,10.0
89.0,1.8,4144.8,6840.461912,6840.179061,10.0
90.0,1.8,4144.8,6840.179061,6839.979068,10.0
91.0,1.8,4144.8,6839.979068,6839.779075,10.0
92.0,1.8,4144.8,6839.779075,6839.496224,10.0
93.0,1.8,4144.8,6839.496224,6839.296231,10.0
94.0,1.8,4144.8,6839.296231,6839.096238,10.0
95.0,1.8,4144.8,6839.096238,6838.896244,10.0
96.0,1.8,4144.8,6838.896244,6838.613394,10.0
97.0,1.8,4144.8,6838.613394,6838.413401,10.0
98.0,1.8,4144.8,6838.413401,6838.213408,10.0
99.0,1.8,4144.8,6838.213408,6837.930557,10.0
100.0,1.8,4144.8,6837.930557,6837.730564,10.0
101.0,1.8,4144.8,6837.730564,6837.530571,10.0
102.0,1.8,4144.8,6837.530571,6837.330578,10.0
103.0,1.8,4144.8,6837.330578,6837.130584,10.0
104.0,1.8,4144.8,6837.130584,6836.847734,10.0
105.0,1.8,4144.8,6836.847734,6836.647741,10.0
106.0,1.8,4144.8,6836.647741,6836.447748,10.0
108.0,1.8,4060.1,6836.447748,6836.170676,10.0
127.0,1.8,4060.1,6836.170676,6835.974769,10.0
128.0,1.8,4060.1,6835.974769,6835.778861,10.0
129.0,1.8,4060.1,6835.778861,6835.582954,10.0
130.0,1.8,4060.1,6835.582954,6835.387046,10.0
131.0,1.8,4060.1,6835.387046,6835.109975,10.0
132.0,1.8,4060.1,6835.109975,6834.914067,10.0
133.0,1.8,4060.1,6834.914067,6834.718159,10.0
134.0,1.8,4058.4,6834.718159,6834.522337,10.0
135.0,1.8,4058.4,6834.522337,6834.326515,10.0
136.0,1.8,4058.4,6834.326515,6834.130692,10.0
137.0,1.8,4058.4,6834.130692,6833.853742,10.0
138.0,1.8,4058.4,6833.853742,6833.576791,10.0
139.0,1.8,4058.4,6833.576791,6833.380968,10.0
141.0,1.8,4058.1,6833.380968,6833.185159,10.0
323.0,1.8,4058.1,6833.185159,6832.908227,10.0
324.0,1.8,4058.1,6832.908227,6832.712418,10.0
325.0,1.8,4058.1,6832.712418,6832.516609,10.0
326.0,1.8,4058.1,6832.516609,6832.239678,10.0
327.0,1.8,4058.1,6832.239678,6831.962746,10.0
328.0,1.8,4058.1,6831.962746,6831.766937,10.0
329.0,1.8,4058.1,6831.766937,6831.490005,10.0
330.0,1.8,4058.1,6831.490005,6831.213074,10.0
331.0,1.8,4058.1,6831.213074,6831.017265,10.0
332.0,1.8,4058.1,6831.017265,6830.740334,10.0
333.0,1.8,4058.1,6830.740334,6830.463403,10.0
334.0,1.8,4058.1,6830.463403,6830.186472,10.0
335.0,1.8,4058.1,6830.186472,6829.990663,10.0
336.0,1.8,4058.1,6829.990663,6829.794854,10.0
337.0,1.8,4058.1,6829.794854,6829.517924,10.0
338.0,1.8,4058.1,6829.517924,6829.240993,10.0
339.0,1.8,4058.1,6829.240993,6828.964063,10.0
340.0,1.8,4058.1,6828.964063,6828.687133,10.0
341.0,1.8,4058.1,6828.687133,6828.410204,10.0
342.0,1.8,4058.1,6828.410204,6828.214395,10.0
343.0,1.8,4058.1,6828.214395,6827.937465,10.0
344.0,1.8,4058.1,6827.937465,6827.660536,10.0
345.0,1.8,4058.1,6827.660536,6827.383606,10.0
346.0,1.8,4058.1,6827.383606,6827.187797,10.0
347.0,1.8,4058.1,6827.187797,6826.991988,10.0
348.0,1.8,4058.1,6826.991988,6826.715059,10.0
349.0,1.8,4058.1,6826.715059,6826.43813,10.0
350.0,1.8,4058.1,6826.43813,6826.161202,10.0
351.0,1.8,4058.1,6826.161202,6825.884273,10.0
352.0,1.8,4058.1,6825.884273,6825.607345,10.0
353.0,1.8,4058.1,6825.607345,6825.411536,10.0
354.0,1.8,4058.1,6825.411536,6825.134608,10.0
355.0,1.8,4058.1,6825.134608,6824.85768,10.0
356.0,1.8,4058.1,6824.85768,6824.580752,10.0
357.0,1.8,4058.1,6824.580752,6824.384943,10.0
358.0,1.8,4058.1,6824.384943,6824.108015,10.0
359.0,1.8,4058.1,6824.108015,6823.831088,10.0
360.0,1.8,4058.1,6823.831088,6823.55416,10.0
361.0,1.8,4058.1,6823.55416,6823.358351,10.0
362.0,1.8,4058.1,6823.358351,6823.081424,10.0
363.0,1.8,4058.1,6823.081424,6822.804497,10.0
364.0,1.8,4058.1,6822.804497,6822.52757,10.0
365.0,1.8,4058.1,6822.52757,6822.250644,10.0
366.0,1.8,4058.1,6822.250644,6821.973717,10.0
367.0,1.8,4058.1,6821.973717,6821.777893,10.0
368.0,1.8,4058.1,6821.777893,6821.500967,10.0
369.0,1.8,4058.1,6821.500967,6821.224041,10.0
370.0,1.8,4058.1,6821.224041,6820.947115,10.0
371.0,1.8,4058.1,6820.947115,6820.751306,10.0
372.0,1.8,4058.1,6820.751306,6820.47438,10.0
373.0,1.8,4058.1,6820.47438,6820.197455,10.0
374.0,1.8,4058.1,6820.197455,6820.001646,10.0
375.0,1.8,4051.8,6820.001646,6819.806139,10.0
376.0,1.8,4051.8,6819.806139,6819.529641,10.0
377.0,1.8,4051.8,6819.529641,6819.253143,10.0
378.0,1.8,4051.8,6819.253143,6819.057637,10.0
379.0,1.8,4051.8,6819.057637,6818.86213,10.0
380.0,1.8,4051.8,6818.86213,6818.585632,10.0
381.0,1.8,4051.8,6818.585632,6818.309135,10.0
382.0,1.8,4051.8,6818.309135,6818.032638,10.0
383.0,1.8,4051.8,6818.032638,6817.75614,10.0
384.0,1.8,4051.8,6817.75614,6817.479643,10.0
385.0,1.8,4051.8,6817.479643,6817.203146,10.0
386.0,1.8,4051.8,6817.203146,6816.92665,10.0
387.0,1.8,4051.8,6816.92665,6816.650153,10.0
388.0,1.8,4051.8,6816.650153,6816.373657,10.0
389.0,1.8,4051.8,6816.373657,6816.09716,10.0
390.0,1.8,4051.8,6816.09716,6815.820664,10.0
391.0,1.8,4051.8,6815.820664,6815.625157,10.0
392.0,1.8,4051.8,6815.625157,6815.429651,10.0
393.0,1.8,4051.8,6815.429651,6815.234144,10.0
394.0,1.8,4051.8,6815.234144,6814.957648,10.0
395.0,1.8,4051.8,6814.957648,6814.681152,10.0
396.0,1.8,4051.8,6814.681152,6814.485645,10.0
397.0,1.8,4051.8,6814.485645,6814.290138,10.0
398.0,1.8,4051.8,6814.290138,6814.013643,10.0
399.0,1.8,4051.8,6814.013643,6813.737147,10.0
400.0,1.8,4051.8,6813.737147,6813.460651,10.0
401.0,1.8,4051.8,6813.460651,6813.184156,10.0
402.0,1.8,4051.8,6813.184156,6812.907661,10.0
403.0,1.8,4051.8,6812.907661,6812.712154,10.0
404.0,1.8,4051.8,6812.712154,6812.435659,10.0
405.0,1.8,4051.8,6812.435659,6812.240152,10.0
406.0,1.8,4051.8,6812.240152,6812.044645,10.0
407.0,1.8,4051.8,6812.044645,6811.849139,10.0
408.0,1.8,4051.8,6811.849139,6811.653632,10.0
409.0,1.8,4051.8,6811.653632,6811.458125,10.0
410.0,1.8,4051.8,6811.458125,6811.262619,10.0
411.0,1.8,4051.8,6811.262619,6811.067112,10.0
412.0,1.8,4051.8,6811.067112,6810.871605,10.0
413.0,1.8,4051.8,6810.871605,6810.676098,10.0
414.0,1.8,4051.8,6810.676098,6810.399603,10.0
415.0,1.8,4051.8,6810.399603,6810.204097,10.0
416.0,1.8,4051.8,6810.204097,6810.00859,10.0
417.0,1.8,4051.8,6810.00859,6809.813083,10.0
418.0,1.8,4051.8,6809.813083,6809.617576,10.0
419.0,1.8,4051.8,6809.617576,6809.341082,10.0
420.0,1.8,4051.8,6809.341082,6809.145575,10.0
421.0,1.8,4051.8,6809.145575,6808.950068,10.0
422.0,1.8,4051.8,6808.950068,6808.673573,10.0
423.0,1.8,4051.8,6808.673573,6808.397079,10.0
424.0,1.8,4051.8,6808.397079,6808.201572,10.0
425.0,1.8,4051.8,6808.201572,6808.006065,10.0
427.0,1.8,3421.2,6808.006065,6807.840981,10.0
530.0,1.8,3421.2,6807.840981,6807.675897,10.0
531.0,1.8,3421.2,6807.675897,6807.510813,10.0
532.0,1.8,3421.2,6807.510813,6807.345729,10.0
533.0,1.8,3421.2,6807.345729,6807.11227,10.0
534.0,1.8,3421.2,6807.11227,6806.947186,10.0
535.0,1.8,3421.2,6806.947186,6806.782102,10.0
536.0,1.8,3421.2,6806.782102,6806.617019,10.0
537.0,1.8,3421.2,6806.617019,6806.451936,10.0
538.0,1.8,3421.2,6806.451936,6806.218477,10.0
539.0,1.8,3421.2,6806.218477,6806.053394,10.0
540.0,1.8,3421.2,6806.053394,6805.888312,10.0
541.0,1.8,3421.2,6805.888312,6805.723229,10.0
542.0,1.8,3421.2,6805.723229,6805.558146,10.0
543.0,1.8,3421.2,6805.558146,6805.393064,10.0
544.0,1.8,3421.2,6805.393064,6805.227981,10.0
545.0,1.8,3421.2,6805.227981,6805.062899,10.0
546.0,1.8,3421.2,6805.062899,6804.897817,10.0
547.0,1.8,3421.2,6804.897817,6804.732735,10.0
548.0,1.8,3421.2,6804.732735,6804.567653,10.0
549.0,1.8,3421.2,6804.567653,6804.402571,10.0
550.0,1.8,3421.2,6804.402571,6804.23749,10.0
551.0,1.8,3421.2,6804.23749,6804.004032,10.0
552.0,1.8,3421.2,6804.004032,6803.838951,10.0
553.0,1.8,3421.2,6803.838951,6803.67387,10.0
554.0,1.8,3421.2,6803.67387,6803.508788,10.0
555.0,1.8,3421.2,6803.508788,6803.343707,10.0
556.0,1.8,3421.2,6803.343707,6803.178626,10.0
557.0,1.8,3421.2,6803.178626,6803.013545,10.0
558.0,1.8,3421.2,6803.013545,6802.848465,10.0
559.0,1.8,3421.2,6802.848465,6802.683384,10.0
560.0,1.8,3421.2,6802.683384,6802.518303,10.0
561.0,1.8,3421.2,6802.518303,6802.353223,10.0
562.0,1.8,3421.2,6802.353223,6802.188142,10.0
563.0,1.8,3394.5,6802.188142,6802.024348,10.0
564.0,1.8,3394.5,6802.024348,6801.860554,10.0
565.0,1.8,3394.5,6801.860554,6801.628916,10.0
566.0,1.8,3394.5,6801.628916,6801.465122,10.0
567.0,1.8,3394.5,6801.465122,6801.301328,10.0
568.0,1.8,3394.5,6801.301328,6801.137534,10.0
569.0,1.8,3394.5,6801.137534,6800.97374,10.0
570.0,1.8,3394.5,6800.97374,6800.742103,10.0
571.0,1.8,3394.5,6800.742103,6800.578309,10.0
572.0,1.8,3394.5,6800.578309,6800.414515,10.0
573.0,1.8,3394.5,6800.414515,6800.250722,10.0
574.0,1.8,3394.5,6800.250722,6800.086928,10.0
575.0,1.8,3394.5,6800.086928,6799.923135,10.0
576.0,1.8,3394.5,6799.923135,6799.691498,10.0
577.0,1.8,3394.5,6799.691498,6799.527705,10.0
578.0,1.8,3394.5,6799.527705,6799.363912,10.0
579.0,1.8,3394.5,6799.363912,6799.200118,10.0
580.0,1.8,3394.5,6799.200118,6799.036325,10.0
581.0,1.8,3394.5,6799.036325,6798.804689,10.0
582.0,1.8,3394.5,6798.804689,6798.640896,10.0
583.0,1.8,3394.5,6798.640896,6798.477103,10.0
584.0,1.8,3394.5,6798.477103,6798.31331,10.0
585.0,1.8,3394.5,6798.31331,6798.149518,10.0
586.0,1.8,3394.5,6798.149518,6797.985725,10.0
587.0,1.8,3394.5,6797.985725,6797.754089,10.0
588.0,1.8,3394.5,6797.754089,6797.590296,10.0
589.0,1.8,3394.5,6797.590296,6797.426504,10.0
590.0,1.8,3394.5,6797.426504,6797.262711,10.0
591.0,1.8,3394.5,6797.262711,6797.098919,10.0
592.0,1.8,3394.5,6797.098919,6796.935127,10.0
593.0,1.8,3394.5,6796.935127,6796.771335,10.0
594.0,1.8,3394.5,6796.771335,6796.607543,10.0
595.0,1.8,2360.4,6796.607543,6796.493649,10.0
596.0,1.3043,1034.1,6796.607543,6796.351619,9.0
892.0,1.8,2360.4,6796.493649,6796.332578,10.0
893.0,1.8,2360.4,6796.332578,6796.171508,10.0
894.0,1.8,2360.4,6796.171508,6796.010438,10.0
895.0,1.8,2360.4,6796.010438,6795.849367,10.0
896.0,1.8,2360.4,6795.849367,6795.735473,10.0
897.0,1.8,2360.4,6795.735473,6795.574403,10.0
898.0,1.8,2360.4,6795.574403,6795.460509,10.0
899.0,1.8,2360.4,6795.460509,6795.346615,10.0
900.0,1.8,2360.4,6795.346615,6795.232722,10.0
901.0,1.8,2360.4,6795.232722,6795.071651,10.0
902.0,1.8,2360.4,6795.071651,6794.957758,10.0
903.0,1.8,2360.4,6794.957758,6794.843864,10.0
904.0,1.8,2360.4,6794.843864,6794.72997,10.0
905.0,1.8,2360.4,6794.72997,6794.616076,10.0
906.0,1.8,2360.4,6794.616076,6794.455006,10.0
907.0,1.8,2360.4,6794.455006,6794.341112,10.0
908.0,1.8,2360.4,6794.341112,6794.180042,10.0
909.0,1.8,2360.4,6794.180042,6794.066148,10.0
910.0,1.8,2360.4,6794.066148,6793.905078,10.0
911.0,1.8,2360.4,6793.905078,6793.791184,10.0
912.0,1.8,2360.4,6793.791184,6793.630114,10.0
913.0,1.8,2360.4,6793.630114,6793.51622,10.0
914.0,1.8,2360.4,6793.51622,6793.402326,10.0
915.0,1.8,2360.4,6793.402326,6793.241256,10.0
916.0,1.8,2360.4,6793.241256,6793.127362,10.0
917.0,1.8,2360.4,6793.127362,6792.966292,10.0
918.0,1.8,2360.4,6792.966292,6792.852398,10.0
919.0,1.8,2360.4,6792.852398,6792.738505,10.0
920.0,1.8,2360.4,6792.738505,6792.624611,10.0
921.0,1.8,2360.4,6792.624611,6792.510717,10.0
922.0,1.8,2360.4,6792.510717,6792.349647,10.0
923.0,1.8,2360.4,6792.349647,6792.235753,10.0
924.0,1.8,2360.4,6792.235753,6792.074683,10.0
925.0,1.8,2360.4,6792.074683,6791.913613,10.0
926.0,1.8,2360.4,6791.913613,6791.799719,10.0
927.0,1.8,2360.4,6791.799719,6791.685825,10.0
928.0,1.8,2360.4,6791.685825,6791.524755,10.0
929.0,1.8,2360.4,6791.524755,6791.363685,10.0
930.0,1.8,2360.4,6791.363685,6791.249791,10.0
931.0,1.8,2360.4,6791.249791,6791.135898,10.0
932.0,1.8,2360.4,6791.135898,6790.974827,10.0
933.0,1.8,2360.4,6790.974827,6790.860934,10.0
934.0,1.8,2360.4,6790.860934,6790.699863,10.0
935.0,1.8,2360.4,6790.699863,6790.58597,10.0
936.0,1.8,2360.4,6790.58597,6790.472076,10.0
937.0,1.8,2360.4,6790.472076,6790.358182,10.0
938.0,1.8,2360.4,6790.358182,6790.197112,10.0
939.0,1.8,2360.4,6790.197112,6790.083218,10.0
940.0,1.8,2360.4,6790.083218,6789.969325,10.0
941.0,1.8,2360.4,6789.969325,6789.855431,10.0
942.0,1.8,2360.4,6789.855431,6789.694361,10.0
943.0,1.8,2360.4,6789.694361,6789.580467,10.0
944.0,1.8,2360.4,6789.580467,6789.466573,10.0
945.0,1.8,2360.4,6789.466573,6789.305503,10.0
946.0,1.8,2360.4,6789.305503,6789.191609,10.0
947.0,1.8,2360.4,6789.191609,6789.030539,10.0
948.0,1.8,2360.4,6789.030539,6788.916646,10.0
949.0,1.8,2360.4,6788.916646,6788.802752,10.0
950.0,1.8,2360.4,6788.802752,6788.688858,10.0
951.0,1.8,2360.4,6788.688858,6788.574964,10.0
952.0,1.8,2360.4,6788.574964,6788.413894,10.0
953.0,1.8,2360.4,6788.413894,6788.300001,10.0
954.0,1.8,2360.4,6788.300001,6788.186107,10.0
955.0,1.8,2360.4,6788.186107,6788.072213,10.0
956.0,1.8,2360.4,6788.072213,6787.958319,10.0
957.0,1.8,2360.4,6787.958319,6787.844426,10.0
958.0,1.8,2360.4,6787.844426,6787.730532,10.0
959.0,1.8,2360.4,6787.730532,6787.616638,10.0
960.0,1.8,2360.4,6787.616638,6787.502745,10.0
961.0,1.8,2360.4,6787.502745,6787.341674,10.0
962.0,1.8,2360.4,6787.341674,6787.227781,10.0
963.0,1.8,2360.4,6787.227781,6787.113887,10.0
964.0,1.8,2360.4,6787.113887,6786.999993,10.0
965.0,1.8,2360.4,6786.999993,6786.8861,10.0
966.0,1.8,2360.4,6786.8861,6786.772206,10.0
967.0,1.8,2360.4,6786.772206,6786.658312,10.0
968.0,1.8,2360.4,6786.658312,6786.544418,10.0
969.0,1.8,2360.4,6786.544418,6786.430525,10.0
970.0,1.8,2360.4,6786.430525,6786.269455,10.0
971.0,1.8,2360.4,6786.269455,6786.155561,10.0
972.0,1.8,2360.4,6786.155561,6785.994491,10.0
973.0,1.8,2360.4,6785.994491,6785.880597,10.0
974.0,1.8,2360.4,6785.880597,6785.766703,10.0
975.0,1.8,2360.4,6785.766703,6785.65281,10.0
976.0,1.8,2360.4,6785.65281,6785.49174,10.0
977.0,1.8,2360.4,6785.49174,6785.377846,10.0
978.0,1.8,2360.4,6785.377846,6785.263952,10.0
979.0,1.8,2360.4,6785.263952,6785.150058,10.0
980.0,1.8,2360.4,6785.150058,6785.036165,10.0
981.0,1.8,2360.4,6785.036165,6784.922271,10.0
982.0,1.8,2360.4,6784.922271,6784.761201,10.0
983.0,1.8,2360.4,6784.761201,6784.647307,10.0
984.0,1.8,2360.4,6784.647307,6784.533413,10.0
985.0,1.8,2360.4,6784.533413,6784.41952,10.0
986.0,1.8,2360.4,6784.41952,6784.305626,10.0
987.0,1.8,2360.4,6784.305626,6784.144556,10.0
988.0,1.8,2360.4,6784.144556,6784.030662,10.0
989.0,1.8,2360.4,6784.030662,6783.916768,10.0
990.0,1.8,2360.4,6783.916768,6783.802875,10.0
991.0,1.8,2360.4,6783.802875,6783.688981,10.0
992.0,1.8,2360.4,6783.688981,6783.527911,10.0
993.0,1.8,2360.4,6783.527911,6783.414017,10.0
994.0,1.8,2360.4,6783.414017,6783.300124,10.0
995.0,1.8,2360.4,6783.300124,6783.139053,10.0
996.0,1.8,2360.4,6783.139053,6783.02516,10.0
997.0,1.8,2360.4,6783.02516,6782.911266,10.0
998.0,1.8,2360.4,6782.911266,6782.797372,10.0
999.0,1.8,2360.4,6782.797372,6782.683479,10.0
1000.0,1.8,2360.4,6782.683479,6782.569585,10.0
1001.0,1.8,2360.4,6782.569585,6782.455691,10.0
1002.0,1.8,2360.4,6782.455691,6782.341797,10.0
1003.0,1.8,2360.4,6782.341797,6782.227904,10.0
1004.0,1.8,2360.4,6782.227904,6782.11401,10.0
1005.0,1.8,2360.4,6782.11401,6782.000116,10.0
1006.0,1.8,2360.4,6782.000116,6781.886223,10.0
1007.0,1.8,2360.4,6781.886223,6781.725152,10.0
1008.0,1.8,2360.4,6781.725152,6781.611259,10.0
1009.0,1.8,2360.4,6781.611259,6781.497365,10.0
1010.0,1.8,2360.4,6781.497365,6781.383471,10.0
1011.0,1.8,2360.4,6781.383471,6781.269578,10.0
1012.0,1.8,2360.4,6781.269578,6781.155684,10.0
1013.0,1.8,2360.4,6781.155684,6781.04179,10.0
1014.0,1.8,2360.4,6781.04179,6780.927896,10.0
1015.0,1.8,2360.4,6780.927896,6780.814003,10.0
1016.0,1.8,2360.4,6780.814003,6780.700109,10.0
1017.0,1.8,2330.3,6780.700109,6780.587667,10.0
1018.0,1.8,2330.3,6780.587667,6780.475225,10.0
1019.0,1.8,2330.3,6780.475225,6780.362784,10.0
1020.0,1.8,2330.3,6780.362784,6780.250342,10.0
1021.0,1.8,2330.3,6780.250342,6780.1379,10.0
1022.0,1.8,2330.3,6780.1379,6780.025458,10.0
1023.0,1.8,2330.3,6780.025458,6779.913016,10.0
1024.0,1.8,2330.3,6779.913016,6779.800574,10.0
1025.0,1.8,2330.3,6779.800574,6779.688133,10.0
1026.0,1.8,2330.3,6779.688133,6779.575691,10.0
1027.0,1.8,2330.3,6779.575691,6779.463249,10.0
1028.0,1.8,2330.3,6779.463249,6779.350807,10.0
1029.0,1.8,2330.3,6779.350807,6779.238365,10.0
1030.0,1.8,2330.3,6779.238365,6779.125923,10.0
1031.0,1.8,2330.3,6779.125923,6778.966907,10.0
1032.0,1.8,2330.3,6778.966907,6778.854465,10.0
1033.0,1.8,2330.3,6778.854465,6778.742023,10.0
1034.0,1.8,2330.3,6778.742023,6778.629581,10.0
1035.0,1.8,2330.3,6778.629581,6778.517139,10.0
1036.0,1.8,2330.3,6778.517139,6778.404698,10.0
1037.0,1.8,2330.3,6778.404698,6778.292256,10.0
1038.0,1.8,2330.3,6778.292256,6778.179814,10.0
1039.0,1.8,2330.3,6778.179814,6778.067372,10.0
1040.0,1.8,2330.3,6778.067372,6777.95493,10.0
1041.0,1.8,2330.3,6777.95493,6777.842489,10.0
1042.0,1.8,2330.3,6777.842489,6777.683472,10.0
1043.0,1.8,2330.3,6777.683472,6777.57103,10.0
1044.0,1.8,2330.3,6777.57103,6777.458192,10.0
1045.0,1.8,2330.3,6777.458192,6777.34575,10.0
1046.0,1.8,2330.3,6777.34575,6777.233308,10.0
1047.0,1.8,2330.3,6777.233308,6777.074291,10.0
1048.0,1.8,2330.3,6777.074291,6776.961849,10.0
1049.0,1.8,2330.3,6776.961849,6776.849407,10.0
1050.0,1.8,2330.3,6776.849407,6776.736965,10.0
1051.0,1.8,2330.3,6776.736965,6776.624523,10.0
1052.0,1.8,2330.3,6776.624523,6776.465506,10.0
1053.0,1.8,2330.3,6776.465506,6776.353064,10.0
1054.0,1.8,2330.3,6776.353064,6776.240622,10.0
1055.0,1.8,2330.3,6776.240622,6776.12818,10.0
1056.0,1.8,2330.3,6776.12818,6776.015739,10.0
1057.0,1.8,2330.3,6776.015739,6775.856721,10.0
1058.0,1.8,2330.3,6775.856721,6775.74428,10.0
1059.0,1.8,2330.3,6775.74428,6775.631838,10.0
1060.0,1.8,2330.3,6775.631838,6775.519396,10.0
1061.0,1.8,2330.3,6775.519396,6775.360379,10.0
1062.0,1.8,2330.3,6775.360379,6775.201361,10.0
1063.0,1.8,2330.3,6775.201361,6775.08892,10.0
1064.0,1.8,2330.3,6775.08892,6774.976478,10.0
1065.0,1.8,2330.3,6774.976478,6774.817461,10.0
1066.0,1.8,2330.3,6774.817461,6774.705019,10.0
1067.0,1.8,2330.3,6774.705019,6774.592577,10.0
1068.0,1.8,2330.3,6774.592577,6774.480135,10.0
1069.0,1.8,2330.3,6774.480135,6774.367693,10.0
1070.0,1.8,2330.3,6774.367693,6774.208676,10.0
1071.0,1.8,2330.3,6774.208676,6774.096234,10.0
1072.0,1.8,2330.3,6774.096234,6773.937217,10.0
1073.0,1.8,2330.3,6773.937217,6773.824775,10.0
1074.0,1.8,2330.3,6773.824775,6773.712333,10.0
1075.0,1.8,2330.3,6773.712333,6773.599892,10.0
1076.0,1.8,2330.3,6773.599892,6773.48745,10.0
1077.0,1.8,2330.3,6773.48745,6773.375008,10.0
1078.0,1.8,2330.3,6773.375008,6773.215991,10.0
1079.0,1.8,2330.3,6773.215991,6773.103549,10.0
1080.0,1.8,2330.3,6773.103549,6772.991107,10.0
1081.0,1.8,2330.3,6772.991107,6772.878665,10.0
1082.0,1.8,2330.3,6772.878665,6772.766224,10.0
1083.0,1.8,2330.3,6772.766224,6772.607206,10.0
1084.0,1.8,2330.3,6772.607206,6772.494667,10.0
1085.0,1.8,2330.3,6772.494667,6772.382225,10.0
1086.0,1.8,2330.3,6772.382225,6772.269783,10.0
1087.0,1.8,2330.3,6772.269783,6772.157341,10.0
1088.0,1.8,2330.3,6772.157341,6772.044899,10.0
1089.0,1.8,2330.3,6772.044899,6771.932458,10.0
1090.0,1.8,2330.3,6771.932458,6771.820016,10.0
1091.0,1.8,2330.3,6771.820016,6771.707574,10.0
1092.0,1.8,2330.3,6771.707574,6771.548557,10.0
1093.0,1.8,2330.3,6771.548557,6771.436115,10.0
1094.0,1.8,2330.3,6771.436115,6771.323673,10.0
1095.0,1.8,2330.3,6771.323673,6771.211232,10.0
1096.0,1.8,2330.3,6771.211232,6771.09879,10.0
1097.0,1.8,2330.3,6771.09879,6770.939773,10.0
1098.0,1.8,2330.3,6770.939773,6770.780756,10.0
1099.0,1.8,2330.3,6770.780756,6770.668314,10.0
1100.0,1.8,2330.3,6770.668314,6770.555873,10.0
1101.0,1.8,2330.3,6770.555873,6770.396856,10.0
1102.0,1.8,2330.3,6770.396856,6770.284414,10.0
1103.0,1.8,2330.3,6770.284414,6770.125397,10.0
1104.0,1.8,2330.3,6770.125397,6770.012955,10.0
1105.0,1.8,2330.3,6770.012955,6769.900514,10.0
1106.0,1.8,2330.3,6769.900514,6769.788072,10.0
1107.0,1.8,2330.3,6769.788072,6769.629055,10.0
1108.0,1.8,2330.3,6769.629055,6769.516613,10.0
1109.0,1.8,2330.3,6769.516613,6769.404171,10.0
1110.0,1.8,2330.3,6769.404171,6769.245155,10.0
1111.0,1.8,2330.3,6769.245155,6769.132713,10.0
1112.0,1.8,2330.3,6769.132713,6769.020271,10.0
1113.0,1.8,2330.3,6769.020271,6768.861254,10.0
1114.0,1.8,2330.3,6768.861254,6768.748812,10.0
1115.0,1.8,2330.3,6768.748812,6768.636371,10.0
1116.0,1.8,2330.3,6768.636371,6768.477354,10.0
1117.0,1.8,2330.3,6768.477354,6768.364912,10.0
1118.0,1.8,2330.3,6768.364912,6768.205895,10.0
1119.0,1.8,2330.3,6768.205895,6768.046878,10.0
1120.0,1.8,2330.3,6768.046878,6767.934437,10.0
1121.0,1.8,2330.3,6767.934437,6767.821995,10.0
1122.0,1.8,2330.3,6767.821995,6767.709553,10.0
1123.0,1.8,2330.3,6767.709553,6767.597111,10.0
1124.0,1.8,2330.3,6767.597111,6767.484669,10.0
1125.0,1.8,2330.3,6767.484669,6767.372228,10.0
1126.0,1.8,2330.3,6767.372228,6767.259786,10.0
1127.0,1.8,2330.3,6767.259786,6767.147344,10.0
1128.0,1.8,2330.3,6767.147344,6766.988327,10.0
1129.0,1.8,2330.3,6766.988327,6766.875885,10.0
1130.0,1.8,2330.3,6766.875885,6766.763443,10.0
1131.0,1.8,2330.3,6766.763443,6766.651002,10.0
1132.0,1.8,2330.3,6766.651002,6766.53856,10.0
1133.0,1.8,2330.3,6766.53856,6766.426118,10.0
1134.0,1.8,2330.3,6766.426118,6766.313676,10.0
1135.0,1.8,2330.3,6766.313676,6766.201234,10.0
1136.0,1.8,2330.3,6766.201234,6766.088793,10.0
1137.0,1.8,2330.3,6766.088793,6765.929776,10.0
1138.0,1.8,2330.3,6765.929776,6765.770759,10.0
1139.0,1.8,2330.3,6765.770759,6765.611742,10.0
1140.0,1.8,2330.3,6765.611742,6765.452726,10.0
1141.0,1.8,2330.3,6765.452726,6765.340284,10.0
1142.0,1.3043,945.56,6765.340284,6765.174815,9.0
1143.0,1.3043,1384.8,6765.340284,6765.097955,9.0
1144.0,1.3043,1034.1,6796.351619,6796.095696,9.0
1145.0,1.3043,1034.1,6796.095696,6795.839772,9.0
1146.0,1.3043,1034.1,6795.839772,6795.583849,9.0
1147.0,1.3043,1034.1,6795.583849,6795.327926,9.0
1148.0,1.3043,1034.1,6795.327926,6795.146961,9.0
1149.0,1.3043,1034.1,6795.146961,6794.965996,9.0
1150.0,1.3043,1034.1,6794.965996,6794.785032,9.0
1151.0,1.3043,1034.1,6794.785032,6794.604067,9.0
1152.0,1.3043,1034.1,6794.604067,6794.423102,9.0
1153.0,1.3043,1034.1,6794.423102,6794.242138,9.0
1154.0,1.3043,1034.1,6794.242138,6794.061173,9.0
1155.0,1.3043,1034.1,6794.061173,6793.880208,9.0
1156.0,1.3043,1034.1,6793.880208,6793.624285,9.0
1157.0,1.3043,1034.1,6793.624285,6793.44332,9.0
1158.0,1.3043,1034.1,6793.44332,6793.262355,9.0
1159.0,1.3043,1034.1,6793.262355,6793.081391,9.0
1160.0,1.3043,1034.1,6793.081391,6792.900426,9.0
1161.0,1.3043,1034.1,6792.900426,6792.719461,9.0
1162.0,1.3043,1034.1,6792.719461,6792.538497,9.0
1163.0,1.3043,1034.1,6792.538497,6792.357532,9.0
1164.0,1.3043,1034.1,6792.357532,6792.176567,9.0
1165.0,1.3043,1034.1,6792.176567,6791.995603,9.0
1166.0,1.3043,1034.1,6791.995603,6791.814638,9.0
1167.0,1.3043,1034.1,6791.814638,6791.633673,9.0
1168.0,1.3043,1034.1,6791.633673,6791.452708,9.0
1169.0,1.3043,1034.1,6791.452708,6791.271744,9.0
1170.0,1.3043,1034.1,6791.271744,6791.090779,9.0
1171.0,1.3043,1034.1,6791.090779,6790.909814,9.0
1172.0,1.3043,1034.1,6790.909814,6790.653891,9.0
1173.0,1.3043,1034.1,6790.653891,6790.472926,9.0
1174.0,1.3043,1034.1,6790.472926,6790.291962,9.0
1175.0,1.3043,1034.1,6790.291962,6790.110997,9.0
1176.0,1.3043,1034.1,6790.110997,6789.930032,9.0
1177.0,1.3043,1034.1,6789.930032,6789.749068,9.0
1178.0,1.3043,1034.1,6789.749068,6789.568103,9.0
1179.0,1.3043,1034.1,6789.568103,6789.387138,9.0
1180.0,1.3043,1034.1,6789.387138,6789.206174,9.0
1181.0,1.3043,1034.1,6789.206174,6789.025209,9.0
1182.0,1.3043,1034.1,6789.025209,6788.844244,9.0
1183.0,1.3043,1034.1,6788.844244,6788.663279,9.0
1184.0,1.3043,1034.1,6788.663279,6788.482315,9.0
1185.0,1.3043,1034.1,6788.482315,6788.30135,9.0
1186.0,1.3043,1034.1,6788.30135,6788.045427,9.0
1187.0,1.3043,1034.1,6788.045427,6787.864462,9.0
1188.0,1.3043,1034.1,6787.864462,6787.683497,9.0
1189.0,1.3043,1034.1,6787.683497,6787.502533,9.0
1190.0,1.3043,1034.1,6787.502533,6787.321568,9.0
1191.0,1.3043,1034.1,6787.321568,6787.140603,9.0
1192.0,1.3043,1034.1,6787.140603,6786.959639,9.0
1193.0,1.3043,1034.1,6786.959639,6786.778674,9.0
1194.0,1.3043,1034.1,6786.778674,6786.597709,9.0
1195.0,1.3043,1034.1,6786.597709,6786.416745,9.0
1196.0,1.3043,1034.1,6786.416745,6786.23578,9.0
1197.0,1.3043,1034.1,6786.23578,6786.054815,9.0
1198.0,1.3043,1034.1,6786.054815,6785.87385,9.0
1199.0,1.3043,1034.1,6785.87385,6785.692886,9.0
1200.0,1.3043,1034.1,6785.692886,6785.511921,9.0
1201.0,1.3043,1034.1,6785.511921,6785.330956,9.0
1202.0,1.3043,1034.1,6785.330956,6785.149992,9.0
1203.0,1.3043,1034.1,6785.149992,6784.969027,9.0
1204.0,1.3043,1034.1,6784.969027,6784.788062,9.0
1205.0,1.3043,1034.1,6784.788062,6784.607098,9.0
1206.0,1.3043,1034.1,6784.607098,6784.426133,9.0
1207.0,1.3043,1034.1,6784.426133,6784.245168,9.0
1208.0,1.3043,1034.1,6784.245168,6784.064203,9.0
1209.0,1.3043,1034.1,6784.064203,6783.883239,9.0
1210.0,1.3043,1034.1,6783.883239,6783.702274,9.0
1211.0,1.3043,1034.1,6783.702274,6783.521309,9.0
1212.0,1.3043,1034.1,6783.521309,6783.340345,9.0
1213.0,1.3043,1034.1,6783.340345,6783.084421,9.0
1214.0,1.3043,1034.1,6783.084421,6782.903457,9.0
1215.0,1.3043,1034.1,6782.903457,6782.722492,9.0
1216.0,1.3043,1034.1,6782.722492,6782.541527,9.0
1217.0,1.3043,1034.1,6782.541527,6782.285604,9.0
1218.0,1.3043,1034.1,6782.285604,6782.104639,9.0
1219.0,1.3043,1034.1,6782.104639,6781.923675,9.0
1220.0,1.3043,1034.1,6781.923675,6781.74271,9.0
1221.0,1.3043,1034.1,6781.74271,6781.561745,9.0
1222.0,1.3043,1034.1,6781.561745,6781.380781,9.0
1223.0,1.3043,1034.1,6781.380781,6781.199816,9.0
1224.0,1.3043,1034.1,6781.199816,6781.018851,9.0
1225.0,1.3043,1034.1,6781.018851,6780.837887,9.0
1226.0,1.3043,1034.1,6780.837887,6780.656922,9.0
1227.0,1.3043,1034.1,6780.656922,6780.475957,9.0
1228.0,1.3043,1034.1,6780.475957,6780.294872,9.0
1229.0,1.3043,1034.1,6780.294872,6780.113907,9.0
1230.0,1.3043,1034.1,6780.113907,6779.932943,9.0
1231.0,1.3043,1034.1,6779.932943,6779.751978,9.0
1232.0,1.3043,1034.1,6779.751978,6779.571013,9.0
1233.0,1.3043,1034.1,6779.571013,6779.390048,9.0
1234.0,1.3043,1034.1,6779.390048,6779.209084,9.0
1235.0,1.3043,1034.1,6779.209084,6779.028119,9.0
1236.0,1.3043,1034.1,6779.028119,6778.847154,9.0
1237.0,1.3043,1034.1,6778.847154,6778.66619,9.0
1238.0,1.3043,1034.1,6778.66619,6778.485225,9.0
1239.0,1.3043,1034.1,6778.485225,6778.30426,9.0
1240.0,1.3043,1034.1,6778.30426,6778.123296,9.0
1241.0,1.3043,1034.1,6778.123296,6777.867373,9.0
1242.0,1.3043,1034.1,6777.867373,6777.686408,9.0
1243.0,1.3043,1034.1,6777.686408,6777.505443,9.0
1244.0,1.3043,1034.1,6777.505443,6777.324479,9.0
1245.0,1.3043,1034.1,6777.324479,6777.143514,9.0
1246.0,1.3043,1034.1,6777.143514,6776.962549,9.0
1247.0,1.3043,1034.1,6776.962549,6776.781585,9.0
1248.0,1.3043,1034.1,6776.781585,6776.60062,9.0
1249.0,1.3043,1034.1,6776.60062,6776.419655,9.0
1250.0,1.3043,1034.1,6776.419655,6776.238691,9.0
1251.0,1.3043,1034.1,6776.238691,6776.057726,9.0
1252.0,1.3043,1034.1,6776.057726,6775.876761,9.0
1253.0,1.3043,1034.1,6775.876761,6775.695797,9.0
1254.0,1.3043,1034.1,6775.695797,6775.514832,9.0
1255.0,1.3043,1034.1,6775.514832,6775.333867,9.0
1256.0,1.3043,1034.1,6775.333867,6775.152902,9.0
1257.0,1.3043,1034.1,6775.152902,6774.971938,9.0
1258.0,1.3043,1034.1,6774.971938,6774.790973,9.0
1259.0,1.3043,1034.1,6774.790973,6774.610008,9.0
1260.0,1.3043,1034.1,6774.610008,6774.429044,9.0
1261.0,1.3043,1034.1,6774.429044,6774.248079,9.0
1262.0,1.3043,1034.1,6774.248079,6774.067114,9.0
1263.0,1.3043,1034.1,6774.067114,6773.88615,9.0
1264.0,1.3043,1034.1,6773.88615,6773.705185,9.0
1265.0,1.3043,1034.1,6773.705185,6773.449262,9.0
1266.0,1.3043,1034.1,6773.449262,6773.268297,9.0
1267.0,1.3043,1034.1,6773.268297,6773.087333,9.0
1268.0,1.3043,1034.1,6773.087333,6772.906368,9.0
1269.0,1.3043,1034.1,6772.906368,6772.725403,9.0
1270.0,1.3043,1034.1,6772.725403,6772.544439,9.0
1271.0,1.3043,1034.1,6772.544439,6772.363474,9.0
1272.0,1.3043,1034.1,6772.363474,6772.182509,9.0
1273.0,1.3043,1034.1,6772.182509,6772.001545,9.0
1274.0,1.3043,1034.1,6772.001545,6771.745622,9.0
1275.0,1.3043,1034.1,6771.745622,6771.564657,9.0
1276.0,1.3043,1034.1,6771.564657,6771.383692,9.0
1277.0,1.3043,1034.1,6771.383692,6771.202728,9.0
1278.0,1.3043,1034.1,6771.202728,6770.946805,9.0
1279.0,1.3043,1034.1,6770.946805,6770.76584,9.0
1280.0,1.3043,1034.1,6770.76584,6770.584876,9.0
1281.0,1.3043,1034.1,6770.584876,6770.403911,9.0
1282.0,1.3043,1034.1,6770.403911,6770.222946,9.0
1283.0,1.3043,1034.1,6770.222946,6770.041982,9.0
1284.0,1.3043,1034.1,6770.041982,6769.861017,9.0
1285.0,1.3043,1034.1,6769.861017,6769.680052,9.0
1286.0,1.3043,1034.1,6769.680052,6769.499087,9.0
1287.0,1.3043,1034.1,6769.499087,6769.318123,9.0
1288.0,1.3043,1034.1,6769.318123,6769.137158,9.0
1289.0,1.3043,1034.1,6769.137158,6768.956193,9.0
1290.0,1.3043,1034.1,6768.956193,6768.775229,9.0
1291.0,1.3043,1034.1,6768.775229,6768.594264,9.0
1292.0,1.3043,1034.1,6768.594264,6768.413299,9.0
1293.0,1.3043,1034.1,6768.413299,6768.232335,9.0
1294.0,1.3043,1034.1,6768.232335,6768.05137,9.0
1295.0,1.3043,1034.1,6768.05137,6767.870405,9.0
1296.0,1.3043,1034.1,6767.870405,6767.68944,9.0
1297.0,1.3043,1034.1,6767.68944,6767.508476,9.0
1298.0,1.3043,1034.1,6767.508476,6767.327511,9.0
1299.0,1.3043,1034.1,6767.327511,6767.146546,9.0
1300.0,1.3043,1034.1,6767.146546,6766.965582,9.0
1301.0,1.3043,1034.1,6766.965582,6766.784617,9.0
1302.0,1.3043,1034.1,6766.784617,6766.603652,9.0
1303.0,1.3043,1034.1,6766.603652,6766.422688,9.0
1304.0,1.3043,1034.1,6766.422688,6766.241723,9.0
1305.0,1.3043,1034.1,6766.241723,6766.060758,9.0
1306.0,1.3043,1034.1,6766.060758,6765.879794,9.0
1307.0,1.3043,1034.1,6765.879794,6765.623871,9.0
1308.0,1.3043,1034.1,6765.623871,6765.442906,9.0
1309.0,1.3043,1034.1,6765.442906,6765.261941,9.0
1310.0,1.3043,1034.1,6765.261941,6765.080977,9.0
1311.0,1.3043,1034.1,6765.080977,6764.900012,9.0
1312.0,1.3043,1034.1,6764.900012,6764.719047,9.0
1313.0,1.3043,1034.1,6764.719047,6764.538083,9.0
1314.0,1.3043,1034.1,6764.538083,6764.357118,9.0
1315.0,1.3043,1034.1,6764.357118,6764.176153,9.0
1316.0,1.3043,1034.1,6764.176153,6763.995189,9.0
1317.0,1.3043,1034.1,6763.995189,6763.814224,9.0
1318.0,1.3043,1034.1,6763.814224,6763.633259,9.0
1319.0,1.3043,1034.1,6763.633259,6763.452294,9.0
1320.0,1.3043,1034.1,6763.452294,6763.27133,9.0
1321.0,1.3043,1034.1,6763.27133,6763.090365,9.0
1322.0,1.3043,1034.1,6763.090365,6762.834442,9.0
1323.0,1.3043,1034.1,6762.834442,6762.653478,9.0
1324.0,1.3043,1034.1,6762.653478,6762.472513,9.0
1325.0,1.3043,1034.1,6762.472513,6762.291548,9.0
1326.0,1.3043,1034.1,6762.291548,6762.110584,9.0
1327.0,1.3043,1034.1,6762.110584,6761.929619,9.0
1328.0,1.3043,1034.1,6761.929619,6761.748654,9.0
1329.0,1.3043,1034.1,6761.748654,6761.567689,9.0
1330.0,1.3043,1034.1,6761.567689,6761.386725,9.0
1331.0,1.3043,1034.1,6761.386725,6761.130802,9.0
1332.0,1.3043,1034.1,6761.130802,6760.949837,9.0
1333.0,1.3043,1034.1,6760.949837,6760.768873,9.0
1334.0,1.3043,1034.1,6760.768873,6760.587908,9.0
1335.0,1.3043,1034.1,6760.587908,6760.331985,9.0
1336.0,1.3043,1034.1,6760.331985,6760.151021,9.0
1337.0,1.3043,1034.1,6760.151021,6759.970056,9.0
1338.0,1.3043,1034.1,6759.970056,6759.789091,9.0
1339.0,1.3043,1034.1,6759.789091,6759.608126,9.0
1340.0,1.3043,1034.1,6759.608126,6759.427162,9.0
1341.0,1.3043,1034.1,6759.427162,6759.246197,9.0
1342.0,1.3043,1034.1,6759.246197,6759.065232,9.0
1343.0,1.3043,1034.1,6759.065232,6758.884268,9.0
1344.0,1.3043,1034.1,6758.884268,6758.703303,9.0
1345.0,1.3043,1034.1,6758.703303,6758.522338,9.0
1346.0,1.3043,1034.1,6758.522338,6758.341374,9.0
1347.0,1.3043,1034.1,6758.341374,6758.160409,9.0
1348.0,1.3043,1034.1,6758.160409,6757.904486,9.0
1349.0,1.3043,1034.1,6757.904486,6757.723521,9.0
1350.0,1.3043,1034.1,6757.723521,6757.542557,9.0
1351.0,1.3043,1034.1,6757.542557,6757.361592,9.0
1352.0,1.3043,1034.1,6757.361592,6757.180627,9.0
1353.0,1.3043,1034.1,6757.180627,6756.999663,9.0
1354.0,1.3043,1034.1,6756.999663,6756.818698,9.0
1355.0,1.3043,1034.1,6756.818698,6756.562775,9.0
1356.0,1.3043,1034.1,6756.562775,6756.381811,9.0
1357.0,1.3043,1034.1,6756.381811,6756.200846,9.0
1358.0,1.3043,1034.1,6756.200846,6756.019881,9.0
1359.0,1.3043,1034.1,6756.019881,6755.838917,9.0
1360.0,1.3043,1034.1,6755.838917,6755.657952,9.0
1361.0,1.3043,1034.1,6755.657952,6755.476987,9.0
1362.0,1.3043,1034.1,6755.476987,6755.296022,9.0
1363.0,1.3043,1034.1,6755.296022,6755.115058,9.0
1364.0,1.3043,1034.1,6755.115058,6754.934093,9.0
1365.0,1.3043,1034.1,6754.934093,6754.753128,9.0
1366.0,1.3043,1034.1,6754.753128,6754.572164,9.0
1367.0,1.3043,1034.1,6754.572164,6754.391199,9.0
1368.0,1.3043,1034.1,6754.391199,6754.210234,9.0
1369.0,1.3043,1034.1,6754.210234,6753.954312,9.0
1370.0,1.3043,1034.1,6753.954312,6753.773347,9.0
1371.0,1.3043,1034.1,6753.773347,6753.592382,9.0
1372.0,1.3043,1034.1,6753.592382,6753.411417,9.0
1373.0,1.3043,1034.1,6753.411417,6753.230453,9.0
1374.0,1.3043,1034.1,6753.230453,6753.049488,9.0
1375.0,1.3043,1034.1,6753.049488,6752.868523,9.0
1376.0,1.3043,1034.1,6752.868523,6752.687559,9.0
1377.0,1.3043,1034.1,6752.687559,6752.506594,9.0
1378.0,1.3043,1034.1,6752.506594,6752.325629,9.0
1379.0,1.3043,1034.1,6752.325629,6752.069707,9.0
1380.0,1.3043,1034.1,6752.069707,6751.888742,9.0
1381.0,1.3043,1034.1,6751.888742,6751.707777,9.0
1382.0,1.3043,1034.1,6751.707777,6751.526812,9.0
1383.0,1.3043,1034.1,6751.526812,6751.345848,9.0
1384.0,1.3043,1034.1,6751.345848,6751.164883,9.0
1385.0,1.3043,1034.1,6751.164883,6750.983918,9.0
1386.0,1.3043,1034.1,6750.983918,6750.802954,9.0
1387.0,1.3043,1034.1,6750.802954,6750.621989,9.0
1388.0,1.3043,1034.1,6750.621989,6750.441024,9.0
1389.0,1.3043,1034.1,6750.441024,6750.26006,9.0
1390.0,1.3043,1034.1,6750.26006,6750.079095,9.0
1391.0,1.3043,1034.1,6750.079095,6749.89813,9.0
1392.0,1.3043,1034.1,6749.89813,6749.717166,9.0
1393.0,1.3043,1034.1,6749.717166,6749.461243,9.0
1394.0,1.3043,1034.1,6749.461243,6749.280278,9.0
1395.0,1.3043,1034.1,6749.280278,6749.099313,9.0
1396.0,1.3043,1034.1,6749.099313,6748.918349,9.0
1397.0,1.3043,1034.1,6748.918349,6748.737384,9.0
1398.0,1.3043,1034.1,6748.737384,6748.556419,9.0
1399.0,1.3043,1034.1,6748.556419,6748.375455,9.0
1400.0,1.3043,1034.1,6748.375455,6748.19449,9.0
1401.0,1.3043,1034.1,6748.19449,6748.013525,9.0
1402.0,1.3043,1034.1,6748.013525,6747.832561,9.0
1403.0,1.3043,1034.1,6747.832561,6747.651596,9.0
1404.0,1.3043,1034.1,6747.651596,6747.470631,9.0
1405.0,1.3043,1034.1,6747.470631,6747.289666,9.0
1406.0,1.3043,1034.1,6747.289666,6747.108702,9.0
1407.0,1.3043,1034.1,6747.108702,6746.927737,9.0
1408.0,1.3043,1034.1,6746.927737,6746.746772,9.0
1409.0,1.3043,1034.1,6746.746772,6746.565808,9.0
1410.0,1.3043,1034.1,6746.565808,6746.384843,9.0
1411.0,1.3043,1034.1,6746.384843,6746.203878,9.0
1412.0,1.3043,1034.1,6746.203878,6746.022914,9.0
1413.0,1.3043,1034.1,6746.022914,6745.766991,9.0
1414.0,1.3043,1034.1,6745.766991,6745.586026,9.0
1415.0,1.3043,1034.1,6745.586026,6745.405062,9.0
1416.0,1.3043,1034.1,6745.405062,6745.224097,9.0
1417.0,1.3043,1034.1,6745.224097,6745.043132,9.0
1418.0,1.3043,1034.1,6745.043132,6744.862167,9.0
1419.0,1.3043,1034.1,6744.862167,6744.681203,9.0
1420.0,1.3043,1034.1,6744.681203,6744.500238,9.0
1421.0,1.3043,1034.1,6744.500238,6744.319273,9.0
1422.0,1.3043,969.63,6744.319273,6744.149593,9.0
1423.0,1.3043,969.63,6744.149593,6743.979912,9.0
1424.0,1.3043,969.63,6743.979912,6743.810232,9.0
1425.0,1.3043,969.63,6743.810232,6743.640551,9.0
1426.0,1.3043,969.63,6743.640551,6743.470871,9.0
1427.0,1.3043,969.63,6743.470871,6743.30119,9.0
1428.0,1.3043,969.63,6743.30119,6743.131464,9.0
1429.0,1.3043,969.63,6743.131464,6742.961783,9.0
1430.0,1.3043,969.63,6742.961783,6742.792103,9.0
1431.0,1.3043,969.63,6742.792103,6742.622422,9.0
1432.0,1.3043,969.63,6742.622422,6742.452742,9.0
1433.0,1.3043,969.63,6742.452742,6742.283061,9.0
1434.0,1.3043,969.63,6742.283061,6742.113381,9.0
1435.0,1.3043,969.63,6742.113381,6741.9437,9.0
1436.0,1.3043,969.63,6741.9437,6741.77402,9.0
1437.0,1.3043,969.63,6741.77402,6741.604339,9.0
1438.0,1.3043,969.63,6741.604339,6741.434659,9.0
1439.0,1.3043,969.63,6741.434659,6741.264978,9.0
1440.0,1.3043,969.63,6741.264978,6741.025014,9.0
1441.0,1.3043,969.63,6741.025014,6740.855333,9.0
1442.0,1.3043,969.63,6740.855333,6740.685652,9.0
1443.0,1.3043,969.63,6740.685652,6740.515972,9.0
1444.0,1.3043,969.63,6740.515972,6740.346291,9.0
1445.0,1.3043,969.63,6740.346291,6740.176611,9.0
1446.0,1.3043,969.63,6740.176611,6740.00693,9.0
1447.0,1.3043,969.63,6740.00693,6739.83725,9.0
1448.0,1.3043,969.63,6739.83725,6739.667569,9.0
1449.0,1.3043,969.63,6739.667569,6739.427605,9.0
1450.0,1.3043,969.63,6739.427605,6739.257924,9.0
1451.0,1.3043,969.63,6739.257924,6739.088244,9.0
1452.0,1.3043,969.63,6739.088244,6738.918563,9.0
1453.0,1.3043,969.63,6738.918563,6738.678598,9.0
1454.0,1.3043,969.63,6738.678598,6738.508918,9.0
1455.0,1.3043,969.63,6738.508918,6738.339237,9.0
1456.0,1.3043,969.63,6738.339237,6738.169557,9.0
1457.0,1.3043,969.63,6738.169557,6737.929592,9.0
1458.0,1.3043,969.63,6737.929592,6737.759912,9.0
1459.0,1.3043,969.63,6737.759912,6737.590231,9.0
1460.0,1.3043,969.63,6737.590231,6737.350266,9.0
1461.0,1.3043,969.63,6737.350266,6737.180586,9.0
1462.0,1.3043,969.63,6737.180586,6736.940621,9.0
1463.0,1.3043,969.63,6736.940621,6736.770941,9.0
1464.0,1.3043,969.63,6736.770941,6736.530976,9.0
1465.0,1.3043,969.63,6736.530976,6736.361296,9.0
1466.0,1.3043,969.63,6736.361296,6736.191615,9.0
1467.0,1.3043,969.63,6736.191615,6735.95165,9.0
1468.0,1.3043,969.63,6735.95165,6735.78197,9.0
1469.0,1.3043,969.63,6735.78197,6735.542005,9.0
1470.0,1.3043,969.63,6735.542005,6735.372325,9.0
1471.0,1.3043,969.63,6735.372325,6735.13236,9.0
1472.0,1.3043,969.63,6735.13236,6734.892396,9.0
1473.0,1.3043,969.63,6734.892396,6734.652431,9.0
1474.0,1.3043,969.63,6734.652431,6734.482751,9.0
1475.0,1.3043,969.63,6734.482751,6734.242786,9.0
1476.0,1.3043,969.63,6734.242786,6734.002821,9.0
1477.0,1.3043,969.63,6734.002821,6733.833141,9.0
1478.0,1.3043,969.63,6733.833141,6733.66346,9.0
1479.0,1.3043,969.63,6733.66346,6733.423496,9.0
1480.0,1.3043,969.63,6733.423496,6733.253815,9.0
1481.0,1.3043,969.63,6733.253815,6733.013851,9.0
1482.0,1.3043,969.63,6733.013851,6732.84417,9.0
1483.0,1.3043,969.63,6732.84417,6732.604206,9.0
1484.0,1.3043,969.63,6732.604206,6732.434525,9.0
1485.0,1.3043,969.63,6732.434525,6732.194561,9.0
1486.0,1.3043,969.63,6732.194561,6732.02488,9.0
1487.0,1.3043,969.63,6732.02488,6731.8552,9.0
1488.0,1.3043,969.63,6731.8552,6731.615235,9.0
1489.0,1.3043,969.63,6731.615235,6731.445555,9.0
1490.0,1.3043,969.63,6731.445555,6731.20559,9.0
1491.0,1.3043,969.63,6731.20559,6731.03591,9.0
1492.0,1.3043,969.63,6731.03591,6730.866229,9.0
1493.0,1.3043,969.63,6730.866229,6730.626265,9.0
1494.0,1.3043,969.63,6730.626265,6730.3863,9.0
1495.0,1.3043,969.63,6730.3863,6730.146336,9.0
1496.0,1.3043,969.63,6730.146336,6729.906371,9.0
1497.0,1.3043,969.63,6729.906371,6729.736691,9.0
1498.0,1.3043,969.63,6729.736691,6729.496726,9.0
1499.0,1.3043,969.63,6729.496726,6729.327046,9.0
1500.0,1.3043,969.63,6729.327046,6729.157365,9.0
1501.0,1.3043,969.63,6729.157365,6728.987685,9.0
1502.0,1.3043,969.63,6728.987685,6728.74772,9.0
1503.0,1.3043,969.63,6728.74772,6728.57804,9.0
1504.0,1.3043,969.63,6728.57804,6728.338075,9.0
1505.0,1.3043,969.63,6728.338075,6728.168395,9.0
1506.0,1.3043,969.63,6728.168395,6727.998714,9.0
1507.0,1.3043,969.63,6727.998714,6727.758749,9.0
1508.0,1.3043,969.63,6727.758749,6727.589069,9.0
1509.0,1.3043,969.63,6727.589069,6727.419388,9.0
1510.0,1.3043,969.63,6727.419388,6727.249708,9.0
1511.0,1.3043,969.63,6727.249708,6727.080027,9.0
1512.0,1.3043,969.63,6727.080027,6726.910347,9.0
1513.0,1.3043,969.63,6726.910347,6726.670382,9.0
1514.0,1.3043,969.63,6726.670382,6726.500702,9.0
1515.0,1.3043,969.63,6726.500702,6726.331021,9.0
1516.0,1.3043,969.63,6726.331021,6726.091057,9.0
1517.0,1.3043,969.63,6726.091057,6725.921376,9.0
1518.0,1.3043,969.63,6725.921376,6725.681412,9.0
1519.0,1.3043,969.63,6725.681412,6725.511731,9.0
1520.0,1.3043,969.63,6725.511731,6725.271767,9.0
1521.0,1.3043,969.63,6725.271767,6725.102086,9.0
1522.0,1.3043,969.63,6725.102086,6724.932406,9.0
1523.0,1.3043,969.63,6724.932406,6724.762725,9.0
1524.0,1.3043,969.63,6724.762725,6724.522761,9.0
1525.0,1.3043,969.63,6724.522761,6724.35308,9.0
1526.0,1.3043,969.63,6724.35308,6724.113115,9.0
1527.0,1.3043,969.63,6724.113115,6723.943435,9.0
1528.0,1.3043,969.63,6723.943435,6723.773754,9.0
1529.0,1.3043,969.63,6723.773754,6723.604074,9.0
1530.0,1.3043,969.63,6723.604074,6723.364109,9.0
1531.0,1.3043,969.63,6723.364109,6723.194429,9.0
1532.0,1.3043,969.63,6723.194429,6723.024748,9.0
1533.0,1.3043,969.63,6723.024748,6722.855068,9.0
1534.0,1.3043,969.63,6722.855068,6722.615103,9.0
1535.0,1.3043,969.63,6722.615103,6722.445423,9.0
1536.0,1.3043,969.63,6722.445423,6722.205458,9.0
1537.0,1.3043,969.63,6722.205458,6722.035777,9.0
1538.0,1.3043,969.63,6722.035777,6721.866097,9.0
1539.0,1.3043,969.63,6721.866097,6721.626132,9.0
1540.0,1.3043,969.63,6721.626132,6721.456452,9.0
1541.0,1.3043,969.63,6721.456452,6721.216487,9.0
1542.0,1.3043,969.63,6721.216487,6721.046807,9.0
1543.0,1.3043,969.63,6721.046807,6720.806842,9.0
1544.0,1.3043,969.63,6720.806842,6720.637161,9.0
1545.0,1.3043,969.63,6720.637161,6720.467481,9.0
1546.0,1.3043,969.63,6720.467481,6720.2978,9.0
1547.0,1.3043,969.63,6720.2978,6720.057836,9.0
1548.0,1.3043,969.63,6720.057836,6719.888155,9.0
1549.0,1.3043,969.63,6719.888155,6719.718475,9.0
1550.0,1.3043,969.63,6719.718475,6719.548794,9.0
1551.0,1.3043,969.63,6719.548794,6719.308829,9.0
1552.0,1.3043,969.63,6719.308829,6719.139149,9.0
1553.0,1.3043,969.63,6719.139149,6718.899184,9.0
1554.0,1.3043,969.63,6718.899184,6718.729504,9.0
1555.0,1.3043,969.63,6718.729504,6718.489539,9.0
1556.0,1.3043,969.63,6718.489539,6718.319858,9.0
1557.0,1.3043,969.63,6718.319858,6718.079894,9.0
1558.0,1.3043,969.63,6718.079894,6717.910213,9.0
1559.0,1.3043,969.63,6717.910213,6717.670248,9.0
1560.0,1.3043,969.63,6717.670248,6717.500568,9.0
1561.0,1.3043,969.63,6717.500568,6717.260603,9.0
1562.0,1.3043,969.63,6717.260603,6717.020638,9.0
1563.0,1.3043,969.63,6717.020638,6716.780673,9.0
1564.0,1.3043,969.63,6716.780673,6716.610993,9.0
1565.0,1.3043,969.63,6716.610993,6716.371028,9.0
1566.0,1.3043,969.63,6716.371028,6716.201347,9.0
1567.0,1.3043,969.63,6716.201347,6715.961382,9.0
1568.0,1.3043,969.63,6715.961382,6715.791702,9.0
1569.0,1.3043,969.63,6715.791702,6715.622021,9.0
1570.0,1.3043,969.63,6715.622021,6715.382056,9.0
1571.0,1.3043,969.63,6715.382056,6715.212376,9.0
1572.0,1.3043,969.63,6715.212376,6715.042695,9.0
1573.0,1.3043,969.63,6715.042695,6714.80273,9.0
1574.0,1.3043,969.63,6714.80273,6714.63305,9.0
1575.0,1.3043,969.63,6714.63305,6714.393084,9.0
1576.0,1.3043,969.63,6714.393084,6714.223404,9.0
1577.0,1.3043,969.63,6714.223404,6714.053723,9.0
1578.0,1.3043,969.63,6714.053723,6713.813758,9.0
1579.0,1.3043,969.63,6713.813758,6713.573793,9.0
1580.0,1.3043,969.63,6713.573793,6713.404113,9.0
1581.0,1.3043,969.63,6713.404113,6713.164147,9.0
1582.0,1.3043,969.63,6713.164147,6712.924182,9.0
1583.0,1.3043,969.63,6712.924182,6712.684217,9.0
1584.0,1.3043,969.63,6712.684217,6712.514536,9.0
1585.0,1.3043,969.63,6712.514536,6712.344856,9.0
1586.0,1.3043,969.63,6712.344856,6712.104891,9.0
1587.0,1.3043,969.63,6712.104891,6711.864273,9.0
1588.0,1.3043,969.63,6711.864273,6711.694593,9.0
1589.0,1.3043,969.63,6711.694593,6711.454626,9.0
1590.0,1.3043,969.63,6711.454626,6711.214659,9.0
1591.0,1.3043,969.63,6711.214659,6711.044979,9.0
1592.0,1.3043,969.63,6711.044979,6710.875298,9.0
1593.0,1.3043,969.63,6710.875298,6710.635331,9.0
1594.0,1.3043,969.63,6710.635331,6710.465648,9.0
1595.0,1.3043,969.63,6710.465648,6710.225681,9.0
1596.0,1.3043,969.63,6710.225681,6710.056,9.0
1597.0,1.3043,969.63,6710.056,6709.88632,9.0
1598.0,1.3043,969.63,6709.88632,6709.716639,9.0
1599.0,1.3043,969.63,6709.716639,6709.476672,9.0
1600.0,1.3043,969.63,6709.476672,6709.236705,9.0
1601.0,1.3043,969.63,6709.236705,6709.067024,9.0
1602.0,1.3043,969.63,6709.067024,6708.827057,9.0
1603.0,1.3043,969.63,6708.827057,6708.58709,9.0
1604.0,1.3043,969.63,6708.58709,6708.417409,9.0
1605.0,1.3043,969.63,6708.417409,6708.247729,9.0
1606.0,1.3043,969.63,6708.247729,6708.007762,9.0
1607.0,1.3043,969.63,6708.007762,6707.767794,9.0
1608.0,1.3043,969.63,6707.767794,6707.598114,9.0
1609.0,1.3043,969.63,6707.598114,6707.428433,9.0
1610.0,1.3043,969.63,6707.428433,6707.188466,9.0
1611.0,1.3043,969.63,6707.188466,6707.018781,9.0
1612.0,1.3043,969.63,6707.018781,6706.778813,9.0
1613.0,1.3043,969.63,6706.778813,6706.609132,9.0
1614.0,1.3043,969.63,6706.609132,6706.439452,9.0
1615.0,1.3043,969.63,6706.439452,6706.199484,9.0
1616.0,1.3043,969.63,6706.199484,6705.959516,9.0
1617.0,1.3043,969.63,6705.959516,6705.789836,9.0
1618.0,1.3043,969.63,6705.789836,6705.549868,9.0
1619.0,1.3043,969.63,6705.549868,6705.3099,9.0
1620.0,1.3043,969.63,6705.3099,6705.140219,9.0
1621.0,1.3043,969.63,6705.140219,6704.970539,9.0
1622.0,1.3043,969.63,6704.970539,6704.800858,9.0
1623.0,1.3043,969.63,6704.800858,6704.56089,9.0
1624.0,1.3043,969.63,6704.56089,6704.39121,9.0
1625.0,1.3043,969.63,6704.39121,6704.151241,9.0
1626.0,1.3043,969.63,6704.151241,6703.981561,9.0
1627.0,1.3043,969.63,6703.981561,6703.741592,9.0
1628.0,1.3043,969.63,6703.741592,6703.571912,9.0
1629.0,1.3043,969.63,6703.571912,6703.330958,9.0
1630.0,1.3043,969.63,6703.330958,6703.090991,9.0
1631.0,1.3043,969.63,6703.090991,6702.851024,9.0
1632.0,1.3043,969.63,6702.851024,6702.681344,9.0
1633.0,1.3043,969.63,6702.681344,6702.441376,9.0
1634.0,1.3043,969.63,6702.441376,6702.201409,9.0
1635.0,1.3043,969.63,6702.201409,6701.961442,9.0
1636.0,1.3043,969.63,6701.961442,6701.791762,9.0
1637.0,1.3043,969.63,6701.791762,6701.551794,9.0
1638.0,1.3043,969.63,6701.551794,6701.382114,9.0
1639.0,1.3043,969.63,6701.382114,6701.142146,9.0
1640.0,1.3043,969.63,6701.142146,6700.972466,9.0
1641.0,1.3043,969.63,6700.972466,6700.802785,9.0
1642.0,1.3043,969.63,6700.802785,6700.562818,9.0
1643.0,1.3043,969.63,6700.562818,6700.32285,9.0
1644.0,1.3043,969.63,6700.32285,6700.082882,9.0
1645.0,1.3043,969.63,6700.082882,6699.913202,9.0
1646.0,1.3043,969.63,6699.913202,6699.673234,9.0
1647.0,1.3043,969.63,6699.673234,6699.503549,9.0
1648.0,1.3043,969.63,6699.503549,6699.263581,9.0
1649.0,1.3043,969.63,6699.263581,6699.023613,9.0
1650.0,1.3043,969.63,6699.023613,6698.853932,9.0
1651.0,1.3043,969.63,6698.853932,6698.613964,9.0
1652.0,1.3043,969.63,6698.613964,6698.444283,9.0
1653.0,1.3043,969.63,6698.444283,6698.204315,9.0
1654.0,1.3043,969.63,6698.204315,6698.034635,9.0
1655.0,1.3043,969.63,6698.034635,6697.864954,9.0
1656.0,1.3043,969.63,6697.864954,6697.695274,9.0
1657.0,1.3043,969.63,6697.695274,6697.525593,9.0
1658.0,1.3043,969.63,6697.525593,6697.355912,9.0
1659.0,1.3043,969.63,6697.355912,6697.186232,9.0
1660.0,1.3043,969.63,6697.186232,6696.946264,9.0
1661.0,1.3043,969.63,6696.946264,6696.776583,9.0
1662.0,1.3043,969.63,6696.776583,6696.536615,9.0
1663.0,1.3043,969.63,6696.536615,6696.296646,9.0
1664.0,1.3043,969.63,6696.296646,6696.056677,9.0
1665.0,1.3043,969.63,6696.056677,6695.886997,9.0
1666.0,1.3043,969.63,6695.886997,6695.717316,9.0
1667.0,1.3043,969.63,6695.717316,6695.477347,9.0
1668.0,1.3043,969.63,6695.477347,6695.237379,9.0
1669.0,1.3043,969.63,6695.237379,6695.067698,9.0
1670.0,1.3043,969.63,6695.067698,6694.898018,9.0
1671.0,1.3043,969.63,6694.898018,6694.658049,9.0
1672.0,1.3043,969.63,6694.658049,6694.488368,9.0
1673.0,1.3043,969.63,6694.488368,6694.248399,9.0
1674.0,1.3043,969.63,6694.248399,6694.078718,9.0
1675.0,1.3043,969.63,6694.078718,6693.909038,9.0
1676.0,1.3043,969.63,6693.909038,6693.739357,9.0
1677.0,1.3043,969.63,6693.739357,6693.569677,9.0
1678.0,1.3043,969.63,6693.569677,6693.399996,9.0
1679.0,1.3043,969.63,6693.399996,6693.160027,9.0
1680.0,1.3043,969.63,6693.160027,6692.920058,9.0
1681.0,1.3043,969.63,6692.920058,6692.750377,9.0
1682.0,1.3043,969.63,6692.750377,6692.580697,9.0
1683.0,1.3043,969.63,6692.580697,6692.411016,9.0
1684.0,1.3043,969.63,6692.411016,6692.241336,9.0
1685.0,1.3043,969.63,6692.241336,6692.071655,9.0
1686.0,1.3043,969.63,6692.071655,6691.831686,9.0
1687.0,1.3043,969.63,6691.831686,6691.662005,9.0
1688.0,1.3043,969.63,6691.662005,6691.492325,9.0
1689.0,1.3043,969.63,6691.492325,6691.322644,9.0
1690.0,1.3043,969.63,6691.322644,6691.082675,9.0
1691.0,1.3043,969.63,6691.082675,6690.912994,9.0
1692.0,1.3043,969.63,6690.912994,6690.743313,9.0
1693.0,1.3043,969.63,6690.743313,6690.573633,9.0
1694.0,1.3043,969.63,6690.573633,6690.403952,9.0
1695.0,1.3043,969.63,6690.403952,6690.234272,9.0
1696.0,1.3043,969.63,6690.234272,6690.064591,9.0
1697.0,1.3043,969.63,6690.064591,6689.824622,9.0
1698.0,1.3043,969.63,6689.824622,6689.584652,9.0
1699.0,1.3043,969.63,6689.584652,6689.414971,9.0
2741.0,1.3043,945.56,6765.174815,6765.009347,9.0
2742.0,1.3043,945.56,6765.009347,6764.843879,9.0
2743.0,1.3043,945.56,6764.843879,6764.609871,9.0
2744.0,1.3043,945.56,6764.609871,6764.444403,9.0
2745.0,1.3043,945.56,6764.444403,6764.278935,9.0
2746.0,1.3043,945.56,6764.278935,6764.113467,9.0
2747.0,1.3043,945.56,6764.113467,6763.879459,9.0
2748.0,1.3043,945.56,6763.879459,6763.713991,9.0
2749.0,1.3043,945.56,6763.713991,6763.548523,9.0
2750.0,1.3043,945.56,6763.548523,6763.383054,9.0
2751.0,1.3043,945.56,6763.383054,6763.149047,9.0
2752.0,1.3043,945.56,6763.149047,6762.983579,9.0
2753.0,1.3043,945.56,6762.983579,6762.81811,9.0
2754.0,1.3043,945.56,6762.81811,6762.652642,9.0
2755.0,1.3043,945.56,6762.652642,6762.487174,9.0
2756.0,1.3043,945.56,6762.487174,6762.321706,9.0
2757.0,1.3043,945.56,6762.321706,6762.156237,9.0
2758.0,1.3043,945.56,6762.156237,6761.990769,9.0
2759.0,1.3043,945.56,6761.990769,6761.825301,9.0
2760.0,1.3043,945.56,6761.825301,6761.591293,9.0
2761.0,1.3043,945.56,6761.591293,6761.425825,9.0
2762.0,1.3043,945.56,6761.425825,6761.260357,9.0
2763.0,1.3043,945.56,6761.260357,6761.094889,9.0
2764.0,1.3043,945.56,6761.094889,6760.92942,9.0
2765.0,1.3043,945.56,6760.92942,6760.695413,9.0
2766.0,1.3043,945.56,6760.695413,6760.461405,9.0
2767.0,1.3043,945.56,6760.461405,6760.295937,9.0
2768.0,1.3043,945.56,6760.295937,6760.130469,9.0
2769.0,1.3043,945.56,6760.130469,6759.896461,9.0
2770.0,1.3043,945.56,6759.896461,6759.662454,9.0
2771.0,1.3043,945.56,6759.662454,6759.496986,9.0
2772.0,1.3043,945.56,6759.496986,6759.331517,9.0
2773.0,1.3043,945.56,6759.331517,6759.09751,9.0
2774.0,1.3043,945.56,6759.09751,6758.932042,9.0
2775.0,1.3043,945.56,6758.932042,6758.698034,9.0
2776.0,1.3043,945.56,6758.698034,6758.532566,9.0
2777.0,1.3043,945.56,6758.532566,6758.367098,9.0
2778.0,1.3043,945.56,6758.367098,6758.13309,9.0
2779.0,1.3043,945.56,6758.13309,6757.899083,9.0
2780.0,1.3043,945.56,6757.899083,6757.733614,9.0
2781.0,1.3043,945.56,6757.733614,6757.568146,9.0
2782.0,1.3043,945.56,6757.568146,6757.402678,9.0
2783.0,1.3043,945.56,6757.402678,6757.23721,9.0
2784.0,1.3043,945.56,6757.23721,6757.071741,9.0
2785.0,1.3043,945.56,6757.071741,6756.837734,9.0
2786.0,1.3043,945.56,6756.837734,6756.672265,9.0
2787.0,1.3043,945.56,6756.672265,6756.506797,9.0
2788.0,1.3043,945.56,6756.506797,6756.341329,9.0
2789.0,1.3043,945.56,6756.341329,6756.175861,9.0
2790.0,1.3043,945.56,6756.175861,6755.941853,9.0
2791.0,1.3043,945.56,6755.941853,6755.707846,9.0
2792.0,1.3043,945.56,6755.707846,6755.473838,9.0
2793.0,1.3043,945.56,6755.473838,6755.30837,9.0
2794.0,1.3043,945.56,6755.30837,6755.142902,9.0
2795.0,1.3043,945.56,6755.142902,6754.977433,9.0
2796.0,1.3043,945.56,6754.977433,6754.743426,9.0
2797.0,1.3043,945.56,6754.743426,6754.509418,9.0
2798.0,1.3043,945.56,6754.509418,6754.275411,9.0
2799.0,1.3043,945.56,6754.275411,6754.109942,9.0
2800.0,1.3043,945.56,6754.109942,6753.875935,9.0
2801.0,1.3043,945.56,6753.875935,6753.641927,9.0
2802.0,1.3043,945.56,6753.641927,6753.407919,9.0
2803.0,1.3043,945.56,6753.407919,6753.173912,9.0
2804.0,1.3043,945.56,6753.173912,6753.008443,9.0
2805.0,1.3043,945.56,6753.008443,6752.774435,9.0
2806.0,1.3043,945.56,6752.774435,6752.608967,9.0
2807.0,1.3043,945.56,6752.608967,6752.374959,9.0
2808.0,1.3043,945.56,6752.374959,6752.20949,9.0
2809.0,1.3043,945.56,6752.20949,6752.044021,9.0
2810.0,1.3043,945.56,6752.044021,6751.878552,9.0
2811.0,1.3043,945.56,6751.878552,6751.713083,9.0
2812.0,1.3043,945.56,6751.713083,6751.547615,9.0
2813.0,1.3043,945.56,6751.547615,6751.382146,9.0
2814.0,1.3043,945.56,6751.382146,6751.216677,9.0
2815.0,1.3043,945.56,6751.216677,6751.051207,9.0
2816.0,1.3043,945.56,6751.051207,6750.885738,9.0
2817.0,1.3043,945.56,6750.885738,6750.720269,9.0
2818.0,1.3043,945.56,6750.720269,6750.5548,9.0
2819.0,1.3043,945.56,6750.5548,6750.389331,9.0
2820.0,1.3043,945.56,6750.389331,6750.223861,9.0
2821.0,1.3043,945.56,6750.223861,6750.058392,9.0
2822.0,1.3043,945.56,6750.058392,6749.892922,9.0
2823.0,1.3043,945.56,6749.892922,6749.727453,9.0
2824.0,1.3043,945.56,6749.727453,6749.561983,9.0
2825.0,1.3043,945.56,6749.561983,6749.396513,9.0
2826.0,1.3043,945.56,6749.396513,6749.231044,9.0
2827.0,1.3043,945.56,6749.231044,6749.065574,9.0
2828.0,1.3043,945.56,6749.065574,6748.900104,9.0
2829.0,1.3043,945.56,6748.900104,6748.734634,9.0
2830.0,1.3043,945.56,6748.734634,6748.569164,9.0
2831.0,1.3043,945.56,6748.569164,6748.403694,9.0
2832.0,1.3043,945.56,6748.403694,6748.238223,9.0
2833.0,1.3043,945.56,6748.238223,6748.072753,9.0
2834.0,1.3043,945.56,6748.072753,6747.907283,9.0
2835.0,1.3043,945.56,6747.907283,6747.741812,9.0
2836.0,1.3043,945.56,6747.741812,6747.576342,9.0
2837.0,1.3043,945.56,6747.576342,6747.410871,9.0
2838.0,1.3043,945.56,6747.410871,6747.2454,9.0
2839.0,1.3043,945.56,6747.2454,6747.079929,9.0
2840.0,1.3043,945.56,6747.079929,6746.914458,9.0
2841.0,1.3043,945.56,6746.914458,6746.748987,9.0
2842.0,1.3043,945.56,6746.748987,6746.583516,9.0
2843.0,1.3043,945.56,6746.583516,6746.418045,9.0
2844.0,1.3043,945.56,6746.418045,6746.252574,9.0
2845.0,1.3043,945.56,6746.252574,6746.087102,9.0
2846.0,1.3043,945.56,6746.087102,6745.921631,9.0
2847.0,1.3043,945.56,6745.921631,6745.756159,9.0
2848.0,1.3043,945.56,6745.756159,6745.590688,9.0
2849.0,1.3043,945.56,6745.590688,6745.425216,9.0
2850.0,1.3043,945.56,6745.425216,6745.259744,9.0
2851.0,1.3043,945.56,6745.259744,6745.094272,9.0
2852.0,1.3043,945.56,6745.094272,6744.928799,9.0
2853.0,1.3043,945.56,6744.928799,6744.763327,9.0
2854.0,1.3043,945.56,6744.763327,6744.597855,9.0
2855.0,1.3043,945.56,6744.597855,6744.432382,9.0
2856.0,1.3043,945.56,6744.432382,6744.26691,9.0
2857.0,1.3043,945.56,6744.26691,6744.032899,9.0
2858.0,1.3043,945.56,6744.032899,6743.798888,9.0
2859.0,1.3043,945.56,6743.798888,6743.564877,9.0
2860.0,1.3043,945.56,6743.564877,6743.330866,9.0
2861.0,1.3043,945.56,6743.330866,6743.165393,9.0
2862.0,1.3043,945.56,6743.165393,6742.99992,9.0
2863.0,1.3043,945.56,6742.99992,6742.834446,9.0
2864.0,1.3043,945.56,6742.834446,6742.600435,9.0
2865.0,1.3043,945.56,6742.600435,6742.434961,9.0
2866.0,1.3043,945.56,6742.434961,6742.269487,9.0
2867.0,1.3043,945.56,6742.269487,6742.104013,9.0
2868.0,1.3043,945.56,6742.104013,6741.938539,9.0
2869.0,1.3043,945.56,6741.938539,6741.704527,9.0
2870.0,1.3043,945.56,6741.704527,6741.470515,9.0
2871.0,1.3043,945.56,6741.470515,6741.30504,9.0
2872.0,1.3043,945.56,6741.30504,6741.139566,9.0
2873.0,1.3043,945.56,6741.139566,6740.974091,9.0
2874.0,1.3043,945.56,6740.974091,6740.740078,9.0
2875.0,1.3043,945.56,6740.740078,6740.57461,9.0
2876.0,1.3043,945.56,6740.57461,6740.409142,9.0
2877.0,1.3043,945.56,6740.409142,6740.175129,9.0
2878.0,1.3043,945.56,6740.175129,6739.941117,9.0
2879.0,1.3043,945.56,6739.941117,6739.707104,9.0
2880.0,1.3043,945.56,6739.707104,6739.541636,9.0
2881.0,1.3043,945.56,6739.541636,6739.307623,9.0
2882.0,1.3043,945.56,6739.307623,6739.142147,9.0
2883.0,1.3043,945.56,6739.142147,6738.976671,9.0
2884.0,1.3043,945.56,6738.976671,6738.811195,9.0
2885.0,1.3043,945.56,6738.811195,6738.645719,9.0
2886.0,1.3043,945.56,6738.645719,6738.480242,9.0
2887.0,1.3043,945.56,6738.480242,6738.314765,9.0
2888.0,1.3043,945.56,6738.314765,6738.149288,9.0
2889.0,1.3043,945.56,6738.149288,6737.915275,9.0
2890.0,1.3043,945.56,6737.915275,6737.681261,9.0
2891.0,1.3043,945.56,6737.681261,6737.447247,9.0
2892.0,1.3043,945.56,6737.447247,6737.213233,9.0
2893.0,1.3043,945.56,6737.213233,6737.047765,9.0
2894.0,1.3043,945.56,6737.047765,6736.882296,9.0
2895.0,1.3043,945.56,6736.882296,6736.648282,9.0
2896.0,1.3043,945.56,6736.648282,6736.414268,9.0
2897.0,1.3043,945.56,6736.414268,6736.2488,9.0
2898.0,1.3043,945.56,6736.2488,6736.083331,9.0
2899.0,1.3043,945.56,6736.083331,6735.849317,9.0
2900.0,1.3043,945.56,6735.849317,6735.615302,9.0
2901.0,1.3043,945.56,6735.615302,6735.449834,9.0
2902.0,1.3043,945.56,6735.449834,6735.284366,9.0
2903.0,1.3043,945.56,6735.284366,6735.050351,9.0
2904.0,1.3043,945.56,6735.050351,6734.816336,9.0
2905.0,1.3043,945.56,6734.816336,6734.650868,9.0
2906.0,1.3043,945.56,6734.650868,6734.4854,9.0
2907.0,1.3043,945.56,6734.4854,6734.251385,9.0
2908.0,1.3043,945.56,6734.251385,6734.01737,9.0
2909.0,1.3043,945.56,6734.01737,6733.851901,9.0
2910.0,1.3043,945.56,6733.851901,6733.686433,9.0
2911.0,1.3043,945.56,6733.686433,6733.452418,9.0
2912.0,1.3043,945.56,6733.452418,6733.218403,9.0
2913.0,1.3043,945.56,6733.218403,6732.98421,9.0
2914.0,1.3043,945.56,6732.98421,6732.750194,9.0
2915.0,1.3043,945.56,6732.750194,6732.516177,9.0
2916.0,1.3043,945.56,6732.516177,6732.28216,9.0
2917.0,1.3043,945.56,6732.28216,6732.116691,9.0
2918.0,1.3043,945.56,6732.116691,6731.951223,9.0
2919.0,1.3043,945.56,6731.951223,6731.717206,9.0
2920.0,1.3043,945.56,6731.717206,6731.483189,9.0
2921.0,1.3043,945.56,6731.483189,6731.31772,9.0
2922.0,1.3043,945.56,6731.31772,6731.152252,9.0
2923.0,1.3043,945.56,6731.152252,6730.986784,9.0
2924.0,1.3043,945.56,6730.986784,6730.821315,9.0
2925.0,1.3043,945.56,6730.821315,6730.655847,9.0
2926.0,1.3043,945.56,6730.655847,6730.490379,9.0
2927.0,1.3043,945.56,6730.490379,6730.324911,9.0
2928.0,1.3043,945.56,6730.324911,6730.090893,9.0
2929.0,1.3043,945.56,6730.090893,6729.925425,9.0
2930.0,1.3043,945.56,6729.925425,6729.759957,9.0
2931.0,1.3043,945.56,6729.759957,6729.594488,9.0
2932.0,1.3043,945.56,6729.594488,6729.42902,9.0
2933.0,1.3043,945.56,6729.42902,6729.263552,9.0
2934.0,1.3043,945.56,6729.263552,6729.098084,9.0
2935.0,1.3043,945.56,6729.098084,6728.932615,9.0
2936.0,1.3043,945.56,6728.932615,6728.767147,9.0
2937.0,1.3043,945.56,6728.767147,6728.533129,9.0
2938.0,1.3043,945.56,6728.533129,6728.367661,9.0
2939.0,1.3043,945.56,6728.367661,6728.202193,9.0
2940.0,1.3043,945.56,6728.202193,6728.036724,9.0
2941.0,1.3043,945.56,6728.036724,6727.871256,9.0
2942.0,1.3043,945.56,6727.871256,6727.637238,9.0
2943.0,1.3043,945.56,6727.637238,6727.47177,9.0
2944.0,1.3043,945.56,6727.47177,6727.306302,9.0
2945.0,1.3043,945.56,6727.306302,6727.140833,9.0
2946.0,1.3043,840.99,6727.140833,6726.993665,9.0
2947.0,1.3043,840.99,6726.993665,6726.846496,9.0
2948.0,1.3043,840.99,6726.846496,6726.699327,9.0
2949.0,1.3043,840.99,6726.699327,6726.552158,9.0
2950.0,1.3043,840.99,6726.552158,6726.404989,9.0
2951.0,1.3043,840.99,6726.404989,6726.25782,9.0
2952.0,1.3043,840.99,6726.25782,6726.049682,9.0
2953.0,1.3043,840.99,6726.049682,6725.898711,9.0
2954.0,1.3043,840.99,6725.898711,6725.690575,9.0
2955.0,1.3043,840.99,6725.690575,6725.543406,9.0
2956.0,1.3043,840.99,6725.543406,6725.396237,9.0
2957.0,1.3043,840.99,6725.396237,6725.249068,9.0
2958.0,1.3043,840.99,6725.249068,6725.101899,9.0
2959.0,1.3043,840.99,6725.101899,6724.95473,9.0
2960.0,1.3043,840.99,6724.95473,6724.746595,9.0
2961.0,1.3043,840.99,6724.746595,6724.599426,9.0
2962.0,1.3043,840.99,6724.599426,6724.452257,9.0
2963.0,1.3043,840.99,6724.452257,6724.244121,9.0
2964.0,1.3043,840.99,6724.244121,6724.035985,9.0
2965.0,1.3043,840.99,6724.035985,6723.888816,9.0
2966.0,1.3043,840.99,6723.888816,6723.741647,9.0
2967.0,1.3043,840.99,6723.741647,6723.594478,9.0
2968.0,1.3043,840.99,6723.594478,6723.447309,9.0
2969.0,1.3043,840.99,6723.447309,6723.30014,9.0
2970.0,1.3043,840.99,6723.30014,6723.152971,9.0
2971.0,1.3043,840.99,6723.152971,6723.005802,9.0
2972.0,1.3043,840.99,6723.005802,6722.858633,9.0
2973.0,1.3043,840.99,6722.858633,6722.711464,9.0
2974.0,1.3043,840.99,6722.711464,6722.564295,9.0
2975.0,1.3043,840.99,6722.564295,6722.417126,9.0
2976.0,1.3043,840.99,6722.417126,6722.269957,9.0
2977.0,1.3043,840.99,6722.269957,6722.061821,9.0
2978.0,1.3043,840.99,6722.061821,6721.914652,9.0
2979.0,1.3043,840.99,6721.914652,6721.767483,9.0
2980.0,1.3043,840.99,6721.767483,6721.620314,9.0
2981.0,1.3043,840.99,6721.620314,6721.473145,9.0
2982.0,1.3043,840.99,6721.473145,6721.265009,9.0
2983.0,1.3043,840.99,6721.265009,6721.11784,9.0
2984.0,1.3043,840.99,6721.11784,6720.970671,9.0
2985.0,1.3043,840.99,6720.970671,6720.823502,9.0
2986.0,1.3043,840.99,6720.823502,6720.676333,9.0
2987.0,1.3043,840.99,6720.676333,6720.529164,9.0
2988.0,1.3043,840.99,6720.529164,6720.381995,9.0
2989.0,1.3043,840.99,6720.381995,6720.234826,9.0
2990.0,1.3043,840.99,6720.234826,6720.087657,9.0
2991.0,1.3043,840.99,6720.087657,6719.940488,9.0
2992.0,1.3043,840.99,6719.940488,6719.732352,9.0
2993.0,1.3043,840.99,6719.732352,6719.581919,9.0
2994.0,1.3043,840.99,6719.581919,6719.373784,9.0
2995.0,1.3043,840.99,6719.373784,6719.16565,9.0
2996.0,1.3043,840.99,6719.16565,6719.018481,9.0
2997.0,1.3043,840.99,6719.018481,6718.871312,9.0
2998.0,1.3043,840.99,6718.871312,6718.663177,9.0
2999.0,1.3043,840.99,6718.663177,6718.516008,9.0
3000.0,1.3043,840.99,6718.516008,6718.368839,9.0
3001.0,1.3043,840.99,6718.368839,6718.221671,9.0
3002.0,1.3043,840.99,6718.221671,6718.074502,9.0
3003.0,1.3043,840.99,6718.074502,6717.927333,9.0
3004.0,1.3043,840.99,6717.927333,6717.719198,9.0
3005.0,1.3043,840.99,6717.719198,6717.572029,9.0
3006.0,1.3043,840.99,6717.572029,6717.42486,9.0
3007.0,1.3043,840.99,6717.42486,6717.216725,9.0
3008.0,1.3043,840.99,6717.216725,6717.00859,9.0
3009.0,1.3043,840.99,6717.00859,6716.861421,9.0
3010.0,1.3043,840.99,6716.861421,6716.714252,9.0
3011.0,1.3043,840.99,6716.714252,6716.567083,9.0
3012.0,1.3043,840.99,6716.567083,6716.358948,9.0
3013.0,1.3043,840.99,6716.358948,6716.211779,9.0
3014.0,1.3043,840.99,6716.211779,6716.06461,9.0
3015.0,1.3043,840.99,6716.06461,6715.917441,9.0
3016.0,1.3043,840.99,6715.917441,6715.770272,9.0
3017.0,1.3043,840.99,6715.770272,6715.562137,9.0
3018.0,1.3043,840.99,6715.562137,6715.414968,9.0
3019.0,1.3043,840.99,6715.414968,6715.267799,9.0
3020.0,1.3043,840.99,6715.267799,6715.12063,9.0
3021.0,1.3043,840.99,6715.12063,6714.912495,9.0
3022.0,1.3043,840.99,6714.912495,6714.765326,9.0
3023.0,1.3043,840.99,6714.765326,6714.618157,9.0
3024.0,1.3043,840.99,6714.618157,6714.470988,9.0
3025.0,1.3043,840.99,6714.470988,6714.323819,9.0
3026.0,1.3043,840.99,6714.323819,6714.17665,9.0
3027.0,1.3043,840.99,6714.17665,6713.968514,9.0
3028.0,1.3043,840.99,6713.968514,6713.821345,9.0
3029.0,1.3043,840.99,6713.821345,6713.61321,9.0
3030.0,1.3043,840.99,6713.61321,6713.405074,9.0
3031.0,1.3043,840.99,6713.405074,6713.257905,9.0
3032.0,1.3043,840.99,6713.257905,6713.110736,9.0
3033.0,1.3043,840.99,6713.110736,6712.902442,9.0
3034.0,1.3043,840.99,6712.902442,6712.694305,9.0
3035.0,1.3043,840.99,6712.694305,6712.547136,9.0
3036.0,1.3043,840.99,6712.547136,6712.399967,9.0
3037.0,1.3043,840.99,6712.399967,6712.252798,9.0
3038.0,1.3043,840.99,6712.252798,6712.044661,9.0
3039.0,1.3043,840.99,6712.044661,6711.836523,9.0
3040.0,1.3043,840.99,6711.836523,6711.689354,9.0
3041.0,1.3043,840.99,6711.689354,6711.481217,9.0
3042.0,1.3043,840.99,6711.481217,6711.273079,9.0
3043.0,1.3043,840.99,6711.273079,6711.12591,9.0
3044.0,1.3043,840.99,6711.12591,6710.978741,9.0
3045.0,1.3043,840.99,6710.978741,6710.831572,9.0
3046.0,1.3043,840.99,6710.831572,6710.684403,9.0
3047.0,1.3043,840.99,6710.684403,6710.476265,9.0
3048.0,1.3043,840.99,6710.476265,6710.329096,9.0
3049.0,1.3043,840.99,6710.329096,6710.181927,9.0
3050.0,1.3043,840.99,6710.181927,6709.973789,9.0
3051.0,1.3043,840.99,6709.973789,6709.76565,9.0
3052.0,1.3043,840.99,6709.76565,6709.557512,9.0
3053.0,1.3043,840.99,6709.557512,6709.410343,9.0
3054.0,1.3043,840.99,6709.410343,6709.202204,9.0
3055.0,1.3043,840.99,6709.202204,6708.994065,9.0
3056.0,1.3043,840.99,6708.994065,6708.846896,9.0
3057.0,1.3043,840.99,6708.846896,6708.638757,9.0
3058.0,1.3043,840.99,6708.638757,6708.430618,9.0
3059.0,1.3043,840.99,6708.430618,6708.222478,9.0
3060.0,1.3043,840.99,6708.222478,6708.075309,9.0
3061.0,1.3043,840.99,6708.075309,6707.867169,9.0
3062.0,1.3043,840.99,6707.867169,6707.65903,9.0
3063.0,1.3043,840.99,6707.65903,6707.511861,9.0
3064.0,1.3043,840.99,6707.511861,6707.364692,9.0
3065.0,1.3043,840.99,6707.364692,6707.156552,9.0
3066.0,1.3043,840.99,6707.156552,6706.948411,9.0
3067.0,1.3043,840.99,6706.948411,6706.801242,9.0
3068.0,1.3043,840.99,6706.801242,6706.654073,9.0
3069.0,1.3043,840.99,6706.654073,6706.445933,9.0
3070.0,1.3043,840.99,6706.445933,6706.237792,9.0
3071.0,1.3043,840.99,6706.237792,6706.090623,9.0
3072.0,1.3043,840.99,6706.090623,6705.882482,9.0
3073.0,1.3043,840.99,6705.882482,6705.671178,9.0
3074.0,1.3043,840.99,6705.671178,6705.46304,9.0
3075.0,1.3043,840.99,6705.46304,6705.254901,9.0
3076.0,1.3043,840.99,6705.254901,6705.046763,9.0
3077.0,1.3043,840.99,6705.046763,6704.838624,9.0
3078.0,1.3043,840.99,6704.838624,6704.691455,9.0
3079.0,1.3043,840.99,6704.691455,6704.483316,9.0
3080.0,1.3043,840.99,6704.483316,6704.275177,9.0
3081.0,1.3043,840.99,6704.275177,6704.067038,9.0
3082.0,1.3043,840.99,6704.067038,6703.858898,9.0
3083.0,1.3043,840.99,6703.858898,6703.650758,9.0
3084.0,1.3043,840.99,6703.650758,6703.442619,9.0
3085.0,1.3043,840.99,6703.442619,6703.234479,9.0
3086.0,1.3043,840.99,6703.234479,6703.026338,9.0
3087.0,1.3043,840.99,6703.026338,6702.818198,9.0
3088.0,1.3043,840.99,6702.818198,6702.671029,9.0
3089.0,1.3043,840.99,6702.671029,6702.462888,9.0
3090.0,1.3043,840.99,6702.462888,6702.254747,9.0
3091.0,1.3043,840.99,6702.254747,6702.10756,9.0
3092.0,1.3043,840.99,6702.10756,6701.960373,9.0
3093.0,1.3043,840.99,6701.960373,6701.752231,9.0
3094.0,1.3043,840.99,6701.752231,6701.544089,9.0
3095.0,1.3043,840.99,6701.544089,6701.335948,9.0
3096.0,1.3043,840.99,6701.335948,6701.127805,9.0
3097.0,1.3043,840.99,6701.127805,6700.919663,9.0
3098.0,1.3043,840.99,6700.919663,6700.71152,9.0
3099.0,1.3043,840.99,6700.71152,6700.564331,9.0
3100.0,1.3043,840.99,6700.564331,6700.356188,9.0
3101.0,1.3043,840.99,6700.356188,6700.148044,9.0
3102.0,1.3043,840.99,6700.148044,6699.939901,9.0
3103.0,1.3043,840.99,6699.939901,6699.731757,9.0
3104.0,1.3043,840.99,6699.731757,6699.523613,9.0
3105.0,1.3043,840.99,6699.523613,6699.315469,9.0
3106.0,1.3043,840.99,6699.315469,6699.107324,9.0
3107.0,1.3043,840.99,6699.107324,6698.89918,9.0
3108.0,1.3043,840.99,6698.89918,6698.691035,9.0
3109.0,1.3043,840.99,6698.691035,6698.543866,9.0
3110.0,1.3043,840.99,6698.543866,6698.335721,9.0
3111.0,1.3043,840.99,6698.335721,6698.127575,9.0
3112.0,1.3043,840.99,6698.127575,6697.91943,9.0
3113.0,1.3043,840.99,6697.91943,6697.772261,9.0
3114.0,1.3043,840.99,6697.772261,6697.564115,9.0
3115.0,1.3043,840.99,6697.564115,6697.355969,9.0
3116.0,1.3043,840.99,6697.355969,6697.194075,9.0
3117.0,1.3043,840.99,6697.194075,6696.985922,9.0
3118.0,1.3043,840.99,6696.985922,6696.777768,9.0
3119.0,1.3043,840.99,6696.777768,6696.630599,9.0
3120.0,1.3043,840.99,6696.630599,6696.48343,9.0
3121.0,1.3043,840.99,6696.48343,6696.275276,9.0
3122.0,1.3043,840.99,6696.275276,6696.067121,9.0
3123.0,1.3043,840.99,6696.067121,6695.919952,9.0
3124.0,1.3043,840.99,6695.919952,6695.711798,9.0
3125.0,1.3043,840.99,6695.711798,6695.564591,9.0
3126.0,1.3043,840.99,6695.564591,6695.417384,9.0
3127.0,1.3043,840.99,6695.417384,6695.209228,9.0
3128.0,1.3043,840.99,6695.209228,6695.062059,9.0
3129.0,1.3043,840.99,6695.062059,6694.91489,9.0
3130.0,1.3043,840.99,6694.91489,6694.767721,9.0
3131.0,1.3043,840.99,6694.767721,6694.620552,9.0
3132.0,1.3043,840.99,6694.620552,6694.412396,9.0
3133.0,1.3043,840.99,6694.412396,6694.265227,9.0
3134.0,1.3043,840.99,6694.265227,6694.057071,9.0
3135.0,1.3043,840.99,6694.057071,6693.848914,9.0
3136.0,1.3043,840.99,6693.848914,6693.701745,9.0
3137.0,1.3043,840.99,6693.701745,6693.493588,9.0
3138.0,1.3043,840.99,6693.493588,6693.285431,9.0
3139.0,1.3043,840.99,6693.285431,6693.138221,9.0
3140.0,1.3043,840.99,6693.138221,6692.99101,9.0
3141.0,1.3043,840.99,6692.99101,6692.782852,9.0
3142.0,1.3043,840.99,6692.782852,6692.574693,9.0
3143.0,1.3043,840.99,6692.574693,6692.427481,9.0
3144.0,1.3043,840.99,6692.427481,6692.280268,9.0
3145.0,1.3043,840.99,6692.280268,6692.072108,9.0
3146.0,1.3043,840.99,6692.072108,6691.863948,9.0
3147.0,1.3043,840.99,6691.863948,6691.716734,9.0
3148.0,1.3043,840.99,6691.716734,6691.569519,9.0
3149.0,1.3043,840.99,6691.569519,6691.361358,9.0
3150.0,1.3043,840.99,6691.361358,6691.153196,9.0
3153.0,1.3043,1384.8,6765.097955,6764.855626,9.0
3154.0,1.3043,1384.8,6764.855626,6764.512921,9.0
3155.0,1.3043,1384.8,6764.512921,6764.170216,9.0
3156.0,1.3043,1384.8,6764.170216,6763.927887,9.0
3157.0,1.3043,1384.8,6763.927887,6763.585182,9.0
3158.0,1.3043,1384.8,6763.585182,6763.242477,9.0
3159.0,1.3043,1384.8,6763.242477,6763.000148,9.0
3160.0,1.3043,1384.8,6763.000148,6762.757819,9.0
3161.0,1.3043,1384.8,6762.757819,6762.415114,9.0
3162.0,1.3043,1384.8,6762.415114,6762.172785,9.0
3163.0,1.3043,1384.8,6762.172785,6761.930456,9.0
3164.0,1.3043,1384.8,6761.930456,6761.587751,9.0
3165.0,1.3043,1384.8,6761.587751,6761.245046,9.0
3166.0,1.3043,1384.8,6761.245046,6761.002717,9.0
3167.0,1.3043,1384.8,6761.002717,6760.660012,9.0
3168.0,1.3043,1384.8,6760.660012,6760.317307,9.0
3169.0,1.3043,1384.8,6760.317307,6760.074977,9.0
3170.0,1.3043,1384.8,6760.074977,6759.832648,9.0
3171.0,1.3043,1384.8,6759.832648,6759.489943,9.0
3172.0,1.3043,1384.8,6759.489943,6759.147237,9.0
3173.0,1.3043,1384.8,6759.147237,6758.904908,9.0
3174.0,1.3043,1384.8,6758.904908,6758.662578,9.0
3175.0,1.3043,1384.8,6758.662578,6758.319873,9.0
3176.0,1.3043,1384.8,6758.319873,6758.077543,9.0
3177.0,1.3043,1384.8,6758.077543,6757.835213,9.0
3178.0,1.3043,1384.8,6757.835213,6757.492508,9.0
3179.0,1.3043,1384.8,6757.492508,6757.149802,9.0
3180.0,1.3043,1384.8,6757.149802,6756.907472,9.0
3181.0,1.3043,1384.8,6756.907472,6756.665142,9.0
3182.0,1.3043,1384.8,6756.665142,6756.322436,9.0
3183.0,1.3043,1384.8,6756.322436,6755.979731,9.0
3184.0,1.3043,1384.8,6755.979731,6755.637025,9.0
3185.0,1.3043,1384.8,6755.637025,6755.294319,9.0
3186.0,1.3043,1384.8,6755.294319,6755.05199,9.0
3187.0,1.3043,1384.8,6755.05199,6754.709284,9.0
3188.0,1.3043,1384.8,6754.709284,6754.366578,9.0
3189.0,1.3043,1384.8,6754.366578,6754.023872,9.0
3190.0,1.3043,1384.8,6754.023872,6753.681166,9.0
3191.0,1.3043,1384.8,6753.681166,6753.33846,9.0
3192.0,1.3043,1384.8,6753.33846,6752.995754,9.0
3193.0,1.3043,1384.8,6752.995754,6752.653047,9.0
3194.0,1.3043,1384.8,6752.653047,6752.410716,9.0
3195.0,1.3043,1384.8,6752.410716,6752.06801,9.0
3196.0,1.3043,1384.8,6752.06801,6751.725303,9.0
3197.0,1.3043,1384.8,6751.725303,6751.382597,9.0
3198.0,1.3043,1384.8,6751.382597,6751.03989,9.0
3199.0,1.3043,1384.8,6751.03989,6750.697184,9.0
3200.0,1.3043,1384.8,6750.697184,6750.454855,9.0
3201.0,1.3043,1384.8,6750.454855,6750.112148,9.0
3202.0,1.3043,1384.8,6750.112148,6749.769441,9.0
3203.0,1.3043,1384.8,6749.769441,6749.527112,9.0
3204.0,1.3043,1384.8,6749.527112,6749.184405,9.0
3205.0,1.3043,1384.8,6749.184405,6748.841698,9.0
3206.0,1.3043,1384.8,6748.841698,6748.498991,9.0
3207.0,1.3043,1384.8,6748.498991,6748.256659,9.0
3208.0,1.3043,1384.8,6748.256659,6747.913951,9.0
3209.0,1.3043,1384.8,6747.913951,6747.571244,9.0
3210.0,1.3043,1384.8,6747.571244,6747.328915,9.0
3211.0,1.3043,1384.8,6747.328915,6746.986208,9.0
3212.0,1.3043,1384.8,6746.986208,6746.6435,9.0
3213.0,1.3043,1384.8,6746.6435,6746.401171,9.0
3214.0,1.3043,1384.8,6746.401171,6746.058464,9.0
3215.0,1.3043,1384.8,6746.058464,6745.715756,9.0
3216.0,1.3043,1384.8,6745.715756,6745.473423,9.0
3217.0,1.3043,1384.8,6745.473423,6745.130715,9.0
3218.0,1.3043,1384.8,6745.130715,6744.788007,9.0
3219.0,1.3043,1384.8,6744.788007,6744.545673,9.0
3220.0,1.3043,1384.8,6744.545673,6744.202965,9.0
3221.0,1.3043,1384.8,6744.202965,6743.860257,9.0
3222.0,1.3043,1384.8,6743.860257,6743.617923,9.0
3223.0,1.3043,1384.8,6743.617923,6743.275214,9.0
3224.0,1.3043,1384.8,6743.275214,6742.932505,9.0
3225.0,1.3043,1384.8,6742.932505,6742.690171,9.0
3226.0,1.3043,1384.8,6742.690171,6742.447836,9.0
3227.0,1.3043,1384.8,6742.447836,6742.105127,9.0
3228.0,1.3043,1384.8,6742.105127,6741.762418,9.0
3229.0,1.3043,1384.8,6741.762418,6741.520083,9.0
3230.0,1.3043,1384.8,6741.520083,6741.177374,9.0
3231.0,1.3043,1384.8,6741.177374,6740.834664,9.0
3232.0,1.3043,1384.8,6740.834664,6740.491955,9.0
3233.0,1.3043,1384.8,6740.491955,6740.249619,9.0
3234.0,1.3043,1384.8,6740.249619,6740.007283,9.0
3235.0,1.3043,1384.8,6740.007283,6739.764947,9.0
3236.0,1.3043,1384.8,6739.764947,6739.522611,9.0
3237.0,1.3043,1384.8,6739.522611,6739.178288,9.0
3238.0,1.3043,1384.8,6739.178288,6738.935954,9.0
3239.0,1.3043,1384.8,6738.935954,6738.693621,9.0
3240.0,1.3043,1384.8,6738.693621,6738.350913,9.0
3241.0,1.3043,1384.8,6738.350913,6738.108579,9.0
3242.0,1.3043,1384.8,6738.108579,6737.866246,9.0
3243.0,1.3043,1384.8,6737.866246,6737.623912,9.0
3244.0,1.3043,1384.8,6737.623912,6737.281203,9.0
3245.0,1.3043,1384.8,6737.281203,6736.938495,9.0
3246.0,1.3043,1384.8,6736.938495,6736.696161,9.0
3247.0,1.3043,1384.8,6736.696161,6736.453826,9.0
3248.0,1.3043,1384.8,6736.453826,6736.111117,9.0
3249.0,1.3043,1384.8,6736.111117,6735.768408,9.0
3250.0,1.3043,1384.8,6735.768408,6735.425699,9.0
3251.0,1.3043,1384.8,6735.425699,6735.183364,9.0
3252.0,1.3043,1384.8,6735.183364,6734.941029,9.0
3253.0,1.3043,1384.8,6734.941029,6734.698694,9.0
3254.0,1.3043,1384.8,6734.698694,6734.456358,9.0
3255.0,1.3043,1384.8,6734.456358,6734.113648,9.0
3256.0,1.3043,1384.8,6734.113648,6733.770939,9.0
3257.0,1.3043,1384.8,6733.770939,6733.52861,9.0
3258.0,1.3043,1384.8,6733.52861,6733.1859,9.0
3259.0,1.3043,1384.8,6733.1859,6732.943564,9.0
3260.0,1.3043,1384.8,6732.943564,6732.701227,9.0
3261.0,1.3043,1384.8,6732.701227,6732.458891,9.0
3262.0,1.3043,1384.8,6732.458891,6732.216554,9.0
3263.0,1.3043,1384.8,6732.216554,6731.974217,9.0
3264.0,1.3043,1384.8,6731.974217,6731.73188,9.0
3265.0,1.3043,1384.8,6731.73188,6731.489543,9.0
3266.0,1.3043,1290.7,6731.489543,6731.170102,9.0
3267.0,1.3043,1290.7,6731.170102,6730.850661,9.0
3268.0,1.3043,1290.7,6730.850661,6730.624778,9.0
3269.0,1.3043,1290.7,6730.624778,6730.305336,9.0
3270.0,1.3043,1290.7,6730.305336,6729.985895,9.0
3271.0,1.3043,1290.7,6729.985895,6729.760011,9.0
3272.0,1.3043,1290.7,6729.760011,6729.44057,9.0
3273.0,1.3043,1290.7,6729.44057,6729.121128,9.0
3274.0,1.3043,1290.7,6729.121128,6728.801686,9.0
3275.0,1.3043,1290.7,6728.801686,6728.575802,9.0
3276.0,1.3043,1290.7,6728.575802,6728.349917,9.0
3277.0,1.3043,1290.7,6728.349917,6728.124033,9.0
3278.0,1.3043,1290.7,6728.124033,6727.898148,9.0
3279.0,1.3043,1290.7,6727.898148,6727.578705,9.0
3280.0,1.3043,1290.7,6727.578705,6727.259262,9.0
3281.0,1.3043,1290.7,6727.259262,6727.033377,9.0
3282.0,1.3043,1290.7,6727.033377,6726.713934,9.0
3283.0,1.3043,1290.7,6726.713934,6726.394491,9.0
3284.0,1.3043,1290.7,6726.394491,6726.168604,9.0
3285.0,1.3043,1290.7,6726.168604,6725.849161,9.0
3286.0,1.3043,1290.7,6725.849161,6725.529717,9.0
3287.0,1.3043,1290.7,6725.529717,6725.30383,9.0
3288.0,1.3043,1290.7,6725.30383,6725.077943,9.0
3289.0,1.3043,1290.7,6725.077943,6724.758499,9.0
3290.0,1.3043,1290.7,6724.758499,6724.439055,9.0
3291.0,1.3043,1290.7,6724.439055,6724.213167,9.0
3292.0,1.3043,1290.7,6724.213167,6723.893723,9.0
3293.0,1.3043,1290.7,6723.893723,6723.574278,9.0
3294.0,1.3043,1290.7,6723.574278,6723.348403,9.0
3295.0,1.3043,1290.7,6723.348403,6723.028959,9.0
3296.0,1.3043,1290.7,6723.028959,6722.709514,9.0
3297.0,1.3043,1290.7,6722.709514,6722.483625,9.0
3298.0,1.3043,1290.7,6722.483625,6722.164179,9.0
3299.0,1.3043,1290.7,6722.164179,6721.844734,9.0
3300.0,1.3043,1290.7,6721.844734,6721.618844,9.0
3301.0,1.3043,1290.7,6721.618844,6721.299398,9.0
3302.0,1.3043,1290.7,6721.299398,6720.979952,9.0
3303.0,1.3043,1290.7,6720.979952,6720.660506,9.0
3304.0,1.3043,1290.7,6720.660506,6720.434632,9.0
3305.0,1.3043,1290.7,6720.434632,6720.115185,9.0
3306.0,1.3043,1290.7,6720.115185,6719.795739,9.0
3307.0,1.3043,1290.7,6719.795739,6719.569848,9.0
3308.0,1.3043,1290.7,6719.569848,6719.250401,9.0
3309.0,1.3043,1290.7,6719.250401,6718.905481,9.0
3310.0,1.3043,1290.7,6718.905481,6718.586025,9.0
3311.0,1.3043,1290.7,6718.586025,6718.266569,9.0
3312.0,1.3043,1290.7,6718.266569,6718.040695,9.0
3313.0,1.3043,1290.7,6718.040695,6717.81482,9.0
3314.0,1.3043,1290.7,6717.81482,6717.495364,9.0
3315.0,1.3043,1290.7,6717.495364,6717.175907,9.0
3316.0,1.3043,1290.7,6717.175907,6716.856451,9.0
3317.0,1.3043,1290.7,6716.856451,6716.536994,9.0
3318.0,1.3043,1290.7,6716.536994,6716.217537,9.0
3319.0,1.3043,1290.7,6716.217537,6715.898079,9.0
3320.0,1.3043,1290.7,6715.898079,6715.578621,9.0
3321.0,1.3043,1290.7,6715.578621,6715.259164,9.0
3322.0,1.3043,1290.7,6715.259164,6715.033289,9.0
3323.0,1.3043,1290.7,6715.033289,6714.713831,9.0
3324.0,1.3043,1290.7,6714.713831,6714.394372,9.0
3325.0,1.3043,1290.7,6714.394372,6714.168497,9.0
3326.0,1.3043,1290.7,6714.168497,6713.849039,9.0
3327.0,1.3043,1290.7,6713.849039,6713.52958,9.0
3328.0,1.3043,1290.7,6713.52958,6713.303705,9.0
3329.0,1.3043,1290.7,6713.303705,6712.984246,9.0
3330.0,1.3043,1290.7,6712.984246,6712.664786,9.0
3331.0,1.3043,1290.7,6712.664786,6712.438912,9.0
3332.0,1.3043,1290.7,6712.438912,6712.213037,9.0
3333.0,1.3043,1290.7,6712.213037,6711.893577,9.0
3334.0,1.3043,1290.7,6711.893577,6711.574117,9.0
3335.0,1.3043,1290.7,6711.574117,6711.254657,9.0
3336.0,1.3043,1290.7,6711.254657,6711.028782,9.0
3337.0,1.3043,1290.7,6711.028782,6710.802907,9.0
3338.0,1.3043,1290.7,6710.802907,6710.577032,9.0
3339.0,1.3043,1290.7,6710.577032,6710.257572,9.0
3340.0,1.3043,1290.7,6710.257572,6710.031697,9.0
3341.0,1.3043,1290.7,6710.031697,6709.805822,9.0
3342.0,1.3043,1290.7,6709.805822,6709.579948,9.0
3343.0,1.3043,1290.7,6709.579948,6709.260487,9.0
3344.0,1.3043,1290.7,6709.260487,6709.034612,9.0
3345.0,1.3043,1290.7,6709.034612,6708.808737,9.0
3346.0,1.3043,1290.7,6708.808737,6708.582863,9.0
3347.0,1.3043,1290.7,6708.582863,6708.263401,9.0
3348.0,1.3043,1290.7,6708.263401,6708.037527,9.0
3349.0,1.3043,1290.7,6708.037527,6707.811652,9.0
3350.0,1.3043,1290.7,6707.811652,6707.492191,9.0
3351.0,1.3043,1290.7,6707.492191,6707.266316,9.0
3352.0,1.3043,1290.7,6707.266316,6707.040441,9.0
3353.0,1.3043,1290.7,6707.040441,6706.814566,9.0
3354.0,1.3043,1290.7,6706.814566,6706.588691,9.0
3355.0,1.3043,1290.7,6706.588691,6706.26923,9.0
3356.0,1.3043,1290.7,6706.26923,6706.043355,9.0
3357.0,1.3043,1290.7,6706.043355,6705.723893,9.0
3358.0,1.3043,1290.7,6705.723893,6705.498018,9.0
3359.0,1.3043,1290.7,6705.498018,6705.272144,9.0
3360.0,1.3043,1290.7,6705.272144,6705.046269,9.0
3361.0,1.3043,1290.7,6705.046269,6704.820394,9.0
3362.0,1.3043,1290.7,6704.820394,6704.500932,9.0
3363.0,1.3043,1290.7,6704.500932,6704.18147,9.0
3364.0,1.3043,1290.7,6704.18147,6703.955595,9.0
3365.0,1.3043,1290.7,6703.955595,6703.636132,9.0
3366.0,1.3043,1290.7,6703.636132,6703.316669,9.0
3367.0,1.3043,1290.7,6703.316669,6703.090754,9.0
3368.0,1.3043,1290.7,6703.090754,6702.771291,9.0
3369.0,1.3043,1290.7,6702.771291,6702.451827,9.0
3370.0,1.3043,1290.7,6702.451827,6702.225911,9.0
3371.0,1.3043,1290.7,6702.225911,6701.906447,9.0
3372.0,1.3043,1290.7,6701.906447,6701.586982,9.0
3373.0,1.3043,1290.7,6701.586982,6701.361065,9.0
3374.0,1.3043,1290.7,6701.361065,6701.0416,9.0
3375.0,1.3043,1290.7,6701.0416,6700.815725,9.0
3376.0,1.3043,1290.7,6700.815725,6700.496259,9.0
3377.0,1.3043,1290.7,6700.496259,6700.176793,9.0
3378.0,1.3043,1290.7,6700.176793,6699.950918,9.0
3380.0,1.3043,784.58,6699.950918,6699.813594,9.0
5487.0,1.3043,784.58,6699.813594,6699.619407,9.0
5488.0,1.3043,784.58,6699.619407,6699.482083,9.0
5489.0,1.3043,784.58,6699.482083,6699.344758,9.0
5490.0,1.3043,784.58,6699.344758,6699.207433,9.0
5491.0,1.3043,784.58,6699.207433,6699.070108,9.0
5492.0,1.3043,784.58,6699.070108,6698.932782,9.0
5493.0,1.3043,784.58,6698.932782,6698.795456,9.0
5494.0,1.3043,784.58,6698.795456,6698.65813,9.0
5495.0,1.3043,784.58,6698.65813,6698.520803,9.0
5496.0,1.3043,784.58,6698.520803,6698.383477,9.0
5497.0,1.3043,784.58,6698.383477,6698.189288,9.0
5498.0,1.3043,784.58,6698.189288,6698.051961,9.0
5499.0,1.3043,784.58,6698.051961,6697.914633,9.0
5500.0,1.3043,784.58,6697.914633,6697.777305,9.0
5501.0,1.3043,784.58,6697.777305,6697.639977,9.0
5502.0,1.3043,784.58,6697.639977,6697.502649,9.0
5503.0,1.3043,784.58,6697.502649,6697.36532,9.0
5504.0,1.3043,784.58,6697.36532,6697.227991,9.0
5505.0,1.3043,784.58,6697.227991,6697.090662,9.0
5506.0,1.3043,784.58,6697.090662,6696.953333,9.0
5507.0,1.3043,784.58,6696.953333,6696.816003,9.0
5508.0,1.3043,784.58,6696.816003,6696.678673,9.0
5509.0,1.3043,784.58,6696.678673,6696.541342,9.0
5510.0,1.3043,784.58,6696.541342,6696.404012,9.0
5511.0,1.3043,784.58,6696.404012,6696.266681,9.0
5512.0,1.3043,784.58,6696.266681,6696.12935,9.0
5513.0,1.3043,784.58,6696.12935,6695.992018,9.0
5514.0,1.3043,784.58,6695.992018,6695.854686,9.0
5515.0,1.3043,784.58,6695.854686,6695.717354,9.0
5516.0,1.3043,784.58,6695.717354,6695.580022,9.0
5517.0,1.3043,784.58,6695.580022,6695.442689,9.0
5518.0,1.3043,784.58,6695.442689,6695.305356,9.0
5519.0,1.3043,784.58,6695.305356,6695.168023,9.0
5520.0,1.3043,784.58,6695.168023,6695.030689,9.0
5521.0,1.3043,784.58,6695.030689,6694.893355,9.0
5522.0,1.3043,784.58,6694.893355,6694.756021,9.0
5523.0,1.3043,784.58,6694.756021,6694.618686,9.0
5524.0,1.3043,784.58,6694.618686,6694.481351,9.0
5525.0,1.3043,784.58,6694.481351,6694.344016,9.0
5526.0,1.3043,784.58,6694.344016,6694.149822,9.0
5527.0,1.3043,784.58,6694.149822,6694.012486,9.0
5528.0,1.3043,784.58,6694.012486,6693.87515,9.0
5529.0,1.3043,784.58,6693.87515,6693.737813,9.0
5530.0,1.3043,784.58,6693.737813,6693.543618,9.0
5531.0,1.3043,784.58,6693.543618,6693.406281,9.0
5532.0,1.3043,784.58,6693.406281,6693.268943,9.0
5533.0,1.3043,784.58,6693.268943,6693.131605,9.0
5534.0,1.3043,784.58,6693.131605,6692.937409,9.0
5535.0,1.3043,784.58,6692.937409,6692.800071,9.0
5536.0,1.3043,784.58,6692.800071,6692.662732,9.0
5537.0,1.3043,784.58,6692.662732,6692.468535,9.0
5538.0,1.3043,784.58,6692.468535,6692.331195,9.0
5539.0,1.3043,784.58,6692.331195,6692.193856,9.0
5540.0,1.3043,784.58,6692.193856,6692.056516,9.0
5541.0,1.3043,784.58,6692.056516,6691.919175,9.0
5542.0,1.3043,784.58,6691.919175,6691.781835,9.0
5543.0,1.3043,751.1,6691.781835,6691.650354,9.0
5544.0,1.3043,751.1,6691.650354,6691.518872,9.0
5545.0,1.3043,751.1,6691.518872,6691.38739,9.0
5546.0,1.3043,751.1,6691.38739,6691.255908,9.0
5547.0,1.3043,751.1,6691.255908,6691.124426,9.0
5548.0,1.3043,751.1,6691.124426,6690.992943,9.0
5549.0,1.3043,751.1,6690.992943,6690.86146,9.0
5550.0,1.3043,751.1,6690.86146,6690.729977,9.0
5551.0,1.3043,751.1,6690.729977,6690.598493,9.0
5552.0,1.3043,751.1,6690.598493,6690.467009,9.0
5553.0,1.3043,751.1,6690.467009,6690.335525,9.0
5554.0,1.3043,751.1,6690.335525,6690.20404,9.0
5555.0,1.3043,751.1,6690.20404,6690.072555,9.0
5556.0,1.3043,751.1,6690.072555,6689.941069,9.0
5557.0,1.3043,751.1,6689.941069,6689.809584,9.0
5558.0,1.3043,751.1,6689.809584,6689.678098,9.0
5559.0,1.3043,751.1,6689.678098,6689.546611,9.0
5560.0,1.3043,751.1,6689.546611,6689.415124,9.0
5561.0,1.3043,751.1,6689.415124,6689.283637,9.0
5562.0,1.3043,751.1,6689.283637,6689.15215,9.0
5563.0,1.3043,751.1,6689.15215,6689.020662,9.0
5564.0,1.3043,751.1,6689.020662,6688.834744,9.0
5565.0,1.3043,751.1,6688.834744,6688.648826,9.0
5566.0,1.3043,751.1,6688.648826,6688.517337,9.0
5567.0,1.3043,751.1,6688.517337,6688.331419,9.0
5568.0,1.3043,751.1,6688.331419,6688.199929,9.0
5569.0,1.3043,751.1,6688.199929,6688.068439,9.0
5570.0,1.3043,751.1,6688.068439,6687.936949,9.0
5571.0,1.3043,751.1,6687.936949,6687.751029,9.0
5572.0,1.3043,751.1,6687.751029,6687.619538,9.0
5573.0,1.3043,751.1,6687.619538,6687.488047,9.0
5574.0,1.3043,751.1,6687.488047,6687.356555,9.0
5575.0,1.3043,751.1,6687.356555,6687.225063,9.0
5576.0,1.3043,751.1,6687.225063,6687.09357,9.0
5577.0,1.3043,751.1,6687.09357,6686.962077,9.0
5578.0,1.3043,751.1,6686.962077,6686.830584,9.0
5579.0,1.3043,751.1,6686.830584,6686.69909,9.0
5580.0,1.3043,751.1,6686.69909,6686.567596,9.0
5581.0,1.3043,751.1,6686.567596,6686.436102,9.0
5582.0,1.3043,751.1,6686.436102,6686.304607,9.0
5583.0,1.3043,751.1,6686.304607,6686.118684,9.0
5584.0,1.3043,751.1,6686.118684,6685.987189,9.0
5585.0,1.3043,751.1,6685.987189,6685.855693,9.0
5586.0,1.3043,751.1,6685.855693,6685.724197,9.0
5587.0,1.3043,751.1,6685.724197,6685.538273,9.0
5588.0,1.3043,751.1,6685.538273,6685.406776,9.0
5589.0,1.3043,751.1,6685.406776,6685.275278,9.0
5590.0,1.3043,751.1,6685.275278,6685.143781,9.0
5591.0,1.3043,751.1,6685.143781,6685.012282,9.0
5592.0,1.3043,751.1,6685.012282,6684.880784,9.0
5593.0,1.3043,751.1,6684.880784,6684.749285,9.0
5594.0,1.3043,751.1,6684.749285,6684.617785,9.0
5595.0,1.3043,751.1,6684.617785,6684.431859,9.0
5596.0,1.3043,751.1,6684.431859,6684.300359,9.0
5597.0,1.3043,751.1,6684.300359,6684.168858,9.0
5599.0,1.3043,736.82,6684.168858,6684.039858,9.0
8247.0,1.3043,736.82,6684.039858,6683.910857,9.0
8248.0,1.3043,736.82,6683.910857,6683.781855,9.0
8249.0,1.3043,736.82,6683.781855,6683.652853,9.0
8250.0,1.3043,736.82,6683.652853,6683.523851,9.0
8251.0,1.3043,736.82,6683.523851,6683.394849,9.0
8252.0,1.3043,736.82,6683.394849,6683.265846,9.0
8253.0,1.3043,736.82,6683.265846,6683.136842,9.0
8254.0,1.3043,736.82,6683.136842,6683.007838,9.0
8255.0,1.3043,736.82,6683.007838,6682.878834,9.0
8256.0,1.3043,708.94,6682.878834,6682.754711,9.0
8257.0,1.3043,708.94,6682.754711,6682.630588,9.0
8258.0,1.3043,708.94,6682.630588,6682.506465,9.0
8259.0,1.3043,708.94,6682.506465,6682.382341,9.0
8260.0,1.3043,708.94,6682.382341,6682.258216,9.0
8261.0,1.3043,708.94,6682.258216,6682.134092,9.0
8262.0,1.3043,708.94,6682.134092,6682.009966,9.0
8263.0,1.3043,708.94,6682.009966,6681.885841,9.0
Average,1.4482043385109802,1641.6272790573114,6753.378117469202,6753.148070754151
Median,1.3043,1034.1,6749.396513,6749.184405
Maximum,1.8,4166.7,6930.003398,6862.081221
Minimum,1.3043,708.94,6682.009966,6682.009966
